--------- beginning of crash
08-08 18:32:38.457 12028 18376 E AndroidRuntime: FATAL EXCEPTION: [com.google.android.gms.chimera.container.intentoperation.GmsIntentOperationChimeraService-Executor] idle
08-08 18:32:38.457 12028 18376 E AndroidRuntime: Process: com.google.android.gms, PID: 12028
08-08 18:32:38.457 12028 18376 E AndroidRuntime: java.lang.IllegalArgumentException: Invalid column photo_uri
08-08 18:32:38.457 12028 18376 E AndroidRuntime: 	at android.database.DatabaseUtils.readExceptionFromParcel(DatabaseUtils.java:207)
08-08 18:32:38.457 12028 18376 E AndroidRuntime: 	at android.database.DatabaseUtils.readExceptionFromParcel(DatabaseUtils.java:177)
08-08 18:32:38.457 12028 18376 E AndroidRuntime: 	at android.content.ContentProviderProxy.query(ContentProviderNative.java:497)
08-08 18:32:38.457 12028 18376 E AndroidRuntime: 	at android.content.ContentProviderClient.lambda$query$1(ContentProviderClient.java:370)
08-08 18:32:38.457 12028 18376 E AndroidRuntime: 	at android.content.ContentProviderClient.$r8$lambda$XM3tFPA55ljHDptsaCJsFKE9eeU(ContentProviderClient.java:0)
08-08 18:32:38.457 12028 18376 E AndroidRuntime: 	at android.content.ContentProviderClient$$ExternalSyntheticLambda5.apply(D8$$SyntheticClass:0)
08-08 18:32:38.457 12028 18376 E AndroidRuntime: 	at android.content.ContentProviderClient.execute(ContentProviderClient.java:779)
08-08 18:32:38.457 12028 18376 E AndroidRuntime: 	at android.content.ContentProviderClient.query(ContentProviderClient.java:369)
08-08 18:32:38.457 12028 18376 E AndroidRuntime: 	at android.content.ContentProviderClient.query(ContentProviderClient.java:360)
08-08 18:32:38.457 12028 18376 E AndroidRuntime: 	at android.content.ContentProviderClient.query(ContentProviderClient.java:350)
08-08 18:32:38.457 12028 18376 E AndroidRuntime: 	at fefz.b(:com.google.android.gms@262434035@26.24.34 (260400-938041327):88)
08-08 18:32:38.457 12028 18376 E AndroidRuntime: 	at com.google.android.gms.people.sync.focus.SyncHighResPhotoIntentOperation.onHandleIntent(:com.google.android.gms@262434035@26.24.34 (260400-938041327):51)
08-08 18:32:38.457 12028 18376 E AndroidRuntime: 	at com.google.android.chimera.IntentOperation.onHandleIntent(:com.google.android.gms@262434035@26.24.34 (260400-938041327):1)
08-08 18:32:38.457 12028 18376 E AndroidRuntime: 	at bemu.onHandleIntent(:com.google.android.gms@262434035@26.24.34 (260400-938041327):88)
08-08 18:32:38.457 12028 18376 E AndroidRuntime: 	at abkp.run(:com.google.android.gms@262434035@26.24.34 (260400-938041327):58)
08-08 18:32:38.457 12028 18376 E AndroidRuntime: 	at abko.run(:com.google.android.gms@262434035@26.24.34 (260400-938041327):132)
08-08 18:32:38.457 12028 18376 E AndroidRuntime: 	at hgwo.run(:com.google.android.gms@262434035@26.24.34 (260400-938041327):23)
08-08 18:32:38.457 12028 18376 E AndroidRuntime: 	at java.util.concurrent.ThreadPoolExecutor.runWorker(ThreadPoolExecutor.java:1100)
08-08 18:32:38.457 12028 18376 E AndroidRuntime: 	at java.util.concurrent.ThreadPoolExecutor$Worker.run(ThreadPoolExecutor.java:624)
08-08 18:32:38.457 12028 18376 E AndroidRuntime: 	at java.lang.Thread.run(Thread.java:1572)
08-08 18:32:40.081 18450 18495 E AndroidRuntime: FATAL EXCEPTION: [com.google.android.gms.chimera.container.intentoperation.GmsIntentOperationChimeraService-Executor] idle
08-08 18:32:40.081 18450 18495 E AndroidRuntime: Process: com.google.android.gms, PID: 18450
08-08 18:32:40.081 18450 18495 E AndroidRuntime: java.lang.IllegalArgumentException: Invalid column photo_uri
08-08 18:32:40.081 18450 18495 E AndroidRuntime: 	at android.database.DatabaseUtils.readExceptionFromParcel(DatabaseUtils.java:207)
08-08 18:32:40.081 18450 18495 E AndroidRuntime: 	at android.database.DatabaseUtils.readExceptionFromParcel(DatabaseUtils.java:177)
08-08 18:32:40.081 18450 18495 E AndroidRuntime: 	at android.content.ContentProviderProxy.query(ContentProviderNative.java:497)
08-08 18:32:40.081 18450 18495 E AndroidRuntime: 	at android.content.ContentProviderClient.lambda$query$1(ContentProviderClient.java:370)
08-08 18:32:40.081 18450 18495 E AndroidRuntime: 	at android.content.ContentProviderClient.$r8$lambda$XM3tFPA55ljHDptsaCJsFKE9eeU(ContentProviderClient.java:0)
08-08 18:32:40.081 18450 18495 E AndroidRuntime: 	at android.content.ContentProviderClient$$ExternalSyntheticLambda5.apply(D8$$SyntheticClass:0)
08-08 18:32:40.081 18450 18495 E AndroidRuntime: 	at android.content.ContentProviderClient.execute(ContentProviderClient.java:779)
08-08 18:32:40.081 18450 18495 E AndroidRuntime: 	at android.content.ContentProviderClient.query(ContentProviderClient.java:369)
08-08 18:32:40.081 18450 18495 E AndroidRuntime: 	at android.content.ContentProviderClient.query(ContentProviderClient.java:360)
08-08 18:32:40.081 18450 18495 E AndroidRuntime: 	at android.content.ContentProviderClient.query(ContentProviderClient.java:350)
08-08 18:32:40.081 18450 18495 E AndroidRuntime: 	at fefz.b(:com.google.android.gms@262434035@26.24.34 (260400-938041327):88)
08-08 18:32:40.081 18450 18495 E AndroidRuntime: 	at com.google.android.gms.people.sync.focus.SyncHighResPhotoIntentOperation.onHandleIntent(:com.google.android.gms@262434035@26.24.34 (260400-938041327):51)
08-08 18:32:40.081 18450 18495 E AndroidRuntime: 	at com.google.android.chimera.IntentOperation.onHandleIntent(:com.google.android.gms@262434035@26.24.34 (260400-938041327):1)
08-08 18:32:40.081 18450 18495 E AndroidRuntime: 	at bemu.onHandleIntent(:com.google.android.gms@262434035@26.24.34 (260400-938041327):88)
08-08 18:32:40.081 18450 18495 E AndroidRuntime: 	at abkp.run(:com.google.android.gms@262434035@26.24.34 (260400-938041327):58)
08-08 18:32:40.081 18450 18495 E AndroidRuntime: 	at abko.run(:com.google.android.gms@262434035@26.24.34 (260400-938041327):132)
08-08 18:32:40.081 18450 18495 E AndroidRuntime: 	at hgwo.run(:com.google.android.gms@262434035@26.24.34 (260400-938041327):23)
08-08 18:32:40.081 18450 18495 E AndroidRuntime: 	at java.util.concurrent.ThreadPoolExecutor.runWorker(ThreadPoolExecutor.java:1100)
08-08 18:32:40.081 18450 18495 E AndroidRuntime: 	at java.util.concurrent.ThreadPoolExecutor$Worker.run(ThreadPoolExecutor.java:624)
08-08 18:32:40.081 18450 18495 E AndroidRuntime: 	at java.lang.Thread.run(Thread.java:1572)
08-08 22:42:31.340 12213 12213 E AndroidRuntime: FATAL EXCEPTION: main
08-08 22:42:31.340 12213 12213 E AndroidRuntime: Process: com.discord, PID: 12213
08-08 22:42:31.340 12213 12213 E AndroidRuntime: android.app.ForegroundServiceStartNotAllowedException: Service.startForeground() not allowed: service com.discord/com.google.android.play.core.assetpacks.ExtractionForegroundService
08-08 22:42:31.340 12213 12213 E AndroidRuntime: 	at android.app.ForegroundServiceStartNotAllowedException$1.createFromParcel(ForegroundServiceStartNotAllowedException.java:54)
08-08 22:42:31.340 12213 12213 E AndroidRuntime: 	at android.app.ForegroundServiceStartNotAllowedException$1.createFromParcel(ForegroundServiceStartNotAllowedException.java:50)
08-08 22:42:31.340 12213 12213 E AndroidRuntime: 	at android.os.Parcel.readParcelableInternal(Parcel.java:5299)
08-08 22:42:31.340 12213 12213 E AndroidRuntime: 	at android.os.Parcel.readParcelable(Parcel.java:5280)
08-08 22:42:31.340 12213 12213 E AndroidRuntime: 	at android.os.Parcel.createExceptionOrNull(Parcel.java:3396)
08-08 22:42:31.340 12213 12213 E AndroidRuntime: 	at android.os.Parcel.createException(Parcel.java:3385)
08-08 22:42:31.340 12213 12213 E AndroidRuntime: 	at android.os.Parcel.readException(Parcel.java:3361)
08-08 22:42:31.340 12213 12213 E AndroidRuntime: 	at android.os.Parcel.readException(Parcel.java:3303)
08-08 22:42:31.340 12213 12213 E AndroidRuntime: 	at android.app.IActivityManager$Stub$Proxy.setServiceForeground(IActivityManager.java:7505)
08-08 22:42:31.340 12213 12213 E AndroidRuntime: 	at android.app.Service.startForeground(Service.java:777)
08-08 22:42:31.340 12213 12213 E AndroidRuntime: 	at uh.g0.onServiceConnected(SourceFile:22)
08-08 22:42:31.340 12213 12213 E AndroidRuntime: 	at android.content.ServiceConnection.onServiceConnected(ServiceConnection.java:75)
08-08 22:42:31.340 12213 12213 E AndroidRuntime: 	at android.app.LoadedApk$ServiceDispatcher.doConnected(LoadedApk.java:2465)
08-08 22:42:31.340 12213 12213 E AndroidRuntime: 	at android.app.LoadedApk$ServiceDispatcher$RunConnection.run(LoadedApk.java:2509)
08-08 22:42:31.340 12213 12213 E AndroidRuntime: 	at android.os.Handler.handleCallback(Handler.java:1095)
08-08 22:42:31.340 12213 12213 E AndroidRuntime: 	at android.os.Handler.dispatchMessageImpl(Handler.java:135)
08-08 22:42:31.340 12213 12213 E AndroidRuntime: 	at android.os.Handler.dispatchMessage(Handler.java:125)
08-08 22:42:31.340 12213 12213 E AndroidRuntime: 	at android.os.Looper.loopOnce(Looper.java:296)
08-08 22:42:31.340 12213 12213 E AndroidRuntime: 	at android.os.Looper.loop(Looper.java:397)
08-08 22:42:31.340 12213 12213 E AndroidRuntime: 	at android.app.ActivityThread.main(ActivityThread.java:9569)
08-08 22:42:31.340 12213 12213 E AndroidRuntime: 	at java.lang.reflect.Method.invoke(Native Method)
08-08 22:42:31.340 12213 12213 E AndroidRuntime: 	at com.android.internal.os.RuntimeInit$MethodAndArgsCaller.run(RuntimeInit.java:575)
08-08 22:42:31.340 12213 12213 E AndroidRuntime: 	at com.android.internal.os.ZygoteInit.main(ZygoteInit.java:975)
08-09 14:19:30.568 32679 17357 E AndroidRuntime: FATAL EXCEPTION: [com.google.android.gms.chimera.container.intentoperation.GmsIntentOperationChimeraService-Executor] idle
08-09 14:19:30.568 32679 17357 E AndroidRuntime: Process: com.google.android.gms, PID: 32679
08-09 14:19:30.568 32679 17357 E AndroidRuntime: java.lang.IllegalArgumentException: Invalid column photo_uri
08-09 14:19:30.568 32679 17357 E AndroidRuntime: 	at android.database.DatabaseUtils.readExceptionFromParcel(DatabaseUtils.java:207)
08-09 14:19:30.568 32679 17357 E AndroidRuntime: 	at android.database.DatabaseUtils.readExceptionFromParcel(DatabaseUtils.java:177)
08-09 14:19:30.568 32679 17357 E AndroidRuntime: 	at android.content.ContentProviderProxy.query(ContentProviderNative.java:497)
08-09 14:19:30.568 32679 17357 E AndroidRuntime: 	at android.content.ContentProviderClient.lambda$query$1(ContentProviderClient.java:370)
08-09 14:19:30.568 32679 17357 E AndroidRuntime: 	at android.content.ContentProviderClient.$r8$lambda$XM3tFPA55ljHDptsaCJsFKE9eeU(ContentProviderClient.java:0)
08-09 14:19:30.568 32679 17357 E AndroidRuntime: 	at android.content.ContentProviderClient$$ExternalSyntheticLambda5.apply(D8$$SyntheticClass:0)
08-09 14:19:30.568 32679 17357 E AndroidRuntime: 	at android.content.ContentProviderClient.execute(ContentProviderClient.java:779)
08-09 14:19:30.568 32679 17357 E AndroidRuntime: 	at android.content.ContentProviderClient.query(ContentProviderClient.java:369)
08-09 14:19:30.568 32679 17357 E AndroidRuntime: 	at android.content.ContentProviderClient.query(ContentProviderClient.java:360)
08-09 14:19:30.568 32679 17357 E AndroidRuntime: 	at android.content.ContentProviderClient.query(ContentProviderClient.java:350)
08-09 14:19:30.568 32679 17357 E AndroidRuntime: 	at fefz.b(:com.google.android.gms@262434035@26.24.34 (260400-938041327):88)
08-09 14:19:30.568 32679 17357 E AndroidRuntime: 	at com.google.android.gms.people.sync.focus.SyncHighResPhotoIntentOperation.onHandleIntent(:com.google.android.gms@262434035@26.24.34 (260400-938041327):51)
08-09 14:19:30.568 32679 17357 E AndroidRuntime: 	at com.google.android.chimera.IntentOperation.onHandleIntent(:com.google.android.gms@262434035@26.24.34 (260400-938041327):1)
08-09 14:19:30.568 32679 17357 E AndroidRuntime: 	at bemu.onHandleIntent(:com.google.android.gms@262434035@26.24.34 (260400-938041327):88)
08-09 14:19:30.568 32679 17357 E AndroidRuntime: 	at abkp.run(:com.google.android.gms@262434035@26.24.34 (260400-938041327):58)
08-09 14:19:30.568 32679 17357 E AndroidRuntime: 	at abko.run(:com.google.android.gms@262434035@26.24.34 (260400-938041327):132)
08-09 14:19:30.568 32679 17357 E AndroidRuntime: 	at hgwo.run(:com.google.android.gms@262434035@26.24.34 (260400-938041327):23)
08-09 14:19:30.568 32679 17357 E AndroidRuntime: 	at java.util.concurrent.ThreadPoolExecutor.runWorker(ThreadPoolExecutor.java:1100)
08-09 14:19:30.568 32679 17357 E AndroidRuntime: 	at java.util.concurrent.ThreadPoolExecutor$Worker.run(ThreadPoolExecutor.java:624)
08-09 14:19:30.568 32679 17357 E AndroidRuntime: 	at java.lang.Thread.run(Thread.java:1572)
08-09 14:28:25.397 17639 20132 E AndroidRuntime: FATAL EXCEPTION: [com.google.android.gms.chimera.container.intentoperation.GmsIntentOperationChimeraService-Executor] idle
08-09 14:28:25.397 17639 20132 E AndroidRuntime: Process: com.google.android.gms, PID: 17639
08-09 14:28:25.397 17639 20132 E AndroidRuntime: java.lang.IllegalArgumentException: Invalid column photo_uri
08-09 14:28:25.397 17639 20132 E AndroidRuntime: 	at android.database.DatabaseUtils.readExceptionFromParcel(DatabaseUtils.java:207)
08-09 14:28:25.397 17639 20132 E AndroidRuntime: 	at android.database.DatabaseUtils.readExceptionFromParcel(DatabaseUtils.java:177)
08-09 14:28:25.397 17639 20132 E AndroidRuntime: 	at android.content.ContentProviderProxy.query(ContentProviderNative.java:497)
08-09 14:28:25.397 17639 20132 E AndroidRuntime: 	at android.content.ContentProviderClient.lambda$query$1(ContentProviderClient.java:370)
08-09 14:28:25.397 17639 20132 E AndroidRuntime: 	at android.content.ContentProviderClient.$r8$lambda$XM3tFPA55ljHDptsaCJsFKE9eeU(ContentProviderClient.java:0)
08-09 14:28:25.397 17639 20132 E AndroidRuntime: 	at android.content.ContentProviderClient$$ExternalSyntheticLambda5.apply(D8$$SyntheticClass:0)
08-09 14:28:25.397 17639 20132 E AndroidRuntime: 	at android.content.ContentProviderClient.execute(ContentProviderClient.java:779)
08-09 14:28:25.397 17639 20132 E AndroidRuntime: 	at android.content.ContentProviderClient.query(ContentProviderClient.java:369)
08-09 14:28:25.397 17639 20132 E AndroidRuntime: 	at android.content.ContentProviderClient.query(ContentProviderClient.java:360)
08-09 14:28:25.397 17639 20132 E AndroidRuntime: 	at android.content.ContentProviderClient.query(ContentProviderClient.java:350)
08-09 14:28:25.397 17639 20132 E AndroidRuntime: 	at fefz.b(:com.google.android.gms@262434035@26.24.34 (260400-938041327):88)
08-09 14:28:25.397 17639 20132 E AndroidRuntime: 	at com.google.android.gms.people.sync.focus.SyncHighResPhotoIntentOperation.onHandleIntent(:com.google.android.gms@262434035@26.24.34 (260400-938041327):51)
08-09 14:28:25.397 17639 20132 E AndroidRuntime: 	at com.google.android.chimera.IntentOperation.onHandleIntent(:com.google.android.gms@262434035@26.24.34 (260400-938041327):1)
08-09 14:28:25.397 17639 20132 E AndroidRuntime: 	at bemu.onHandleIntent(:com.google.android.gms@262434035@26.24.34 (260400-938041327):88)
08-09 14:28:25.397 17639 20132 E AndroidRuntime: 	at abkp.run(:com.google.android.gms@262434035@26.24.34 (260400-938041327):58)
08-09 14:28:25.397 17639 20132 E AndroidRuntime: 	at abko.run(:com.google.android.gms@262434035@26.24.34 (260400-938041327):132)
08-09 14:28:25.397 17639 20132 E AndroidRuntime: 	at hgwo.run(:com.google.android.gms@262434035@26.24.34 (260400-938041327):23)
08-09 14:28:25.397 17639 20132 E AndroidRuntime: 	at java.util.concurrent.ThreadPoolExecutor.runWorker(ThreadPoolExecutor.java:1100)
08-09 14:28:25.397 17639 20132 E AndroidRuntime: 	at java.util.concurrent.ThreadPoolExecutor$Worker.run(ThreadPoolExecutor.java:624)
08-09 14:28:25.397 17639 20132 E AndroidRuntime: 	at java.lang.Thread.run(Thread.java:1572)
08-09 14:28:26.687 20336 20449 E AndroidRuntime: FATAL EXCEPTION: [com.google.android.gms.chimera.container.intentoperation.GmsIntentOperationChimeraService-Executor] idle
08-09 14:28:26.687 20336 20449 E AndroidRuntime: Process: com.google.android.gms, PID: 20336
08-09 14:28:26.687 20336 20449 E AndroidRuntime: java.lang.IllegalArgumentException: Invalid column photo_uri
08-09 14:28:26.687 20336 20449 E AndroidRuntime: 	at android.database.DatabaseUtils.readExceptionFromParcel(DatabaseUtils.java:207)
08-09 14:28:26.687 20336 20449 E AndroidRuntime: 	at android.database.DatabaseUtils.readExceptionFromParcel(DatabaseUtils.java:177)
08-09 14:28:26.687 20336 20449 E AndroidRuntime: 	at android.content.ContentProviderProxy.query(ContentProviderNative.java:497)
08-09 14:28:26.687 20336 20449 E AndroidRuntime: 	at android.content.ContentProviderClient.lambda$query$1(ContentProviderClient.java:370)
08-09 14:28:26.687 20336 20449 E AndroidRuntime: 	at android.content.ContentProviderClient.$r8$lambda$XM3tFPA55ljHDptsaCJsFKE9eeU(ContentProviderClient.java:0)
08-09 14:28:26.687 20336 20449 E AndroidRuntime: 	at android.content.ContentProviderClient$$ExternalSyntheticLambda5.apply(D8$$SyntheticClass:0)
08-09 14:28:26.687 20336 20449 E AndroidRuntime: 	at android.content.ContentProviderClient.execute(ContentProviderClient.java:779)
08-09 14:28:26.687 20336 20449 E AndroidRuntime: 	at android.content.ContentProviderClient.query(ContentProviderClient.java:369)
08-09 14:28:26.687 20336 20449 E AndroidRuntime: 	at android.content.ContentProviderClient.query(ContentProviderClient.java:360)
08-09 14:28:26.687 20336 20449 E AndroidRuntime: 	at android.content.ContentProviderClient.query(ContentProviderClient.java:350)
08-09 14:28:26.687 20336 20449 E AndroidRuntime: 	at fefz.b(:com.google.android.gms@262434035@26.24.34 (260400-938041327):88)
08-09 14:28:26.687 20336 20449 E AndroidRuntime: 	at com.google.android.gms.people.sync.focus.SyncHighResPhotoIntentOperation.onHandleIntent(:com.google.android.gms@262434035@26.24.34 (260400-938041327):51)
08-09 14:28:26.687 20336 20449 E AndroidRuntime: 	at com.google.android.chimera.IntentOperation.onHandleIntent(:com.google.android.gms@262434035@26.24.34 (260400-938041327):1)
08-09 14:28:26.687 20336 20449 E AndroidRuntime: 	at bemu.onHandleIntent(:com.google.android.gms@262434035@26.24.34 (260400-938041327):88)
08-09 14:28:26.687 20336 20449 E AndroidRuntime: 	at abkp.run(:com.google.android.gms@262434035@26.24.34 (260400-938041327):58)
08-09 14:28:26.687 20336 20449 E AndroidRuntime: 	at abko.run(:com.google.android.gms@262434035@26.24.34 (260400-938041327):132)
08-09 14:28:26.687 20336 20449 E AndroidRuntime: 	at hgwo.run(:com.google.android.gms@262434035@26.24.34 (260400-938041327):23)
08-09 14:28:26.687 20336 20449 E AndroidRuntime: 	at java.util.concurrent.ThreadPoolExecutor.runWorker(ThreadPoolExecutor.java:1100)
08-09 14:28:26.687 20336 20449 E AndroidRuntime: 	at java.util.concurrent.ThreadPoolExecutor$Worker.run(ThreadPoolExecutor.java:624)
08-09 14:28:26.687 20336 20449 E AndroidRuntime: 	at java.lang.Thread.run(Thread.java:1572)
08-09 14:29:57.345 20469 20914 E AndroidRuntime: FATAL EXCEPTION: [com.google.android.gms.chimera.container.intentoperation.GmsIntentOperationChimeraService-Executor] idle
08-09 14:29:57.345 20469 20914 E AndroidRuntime: Process: com.google.android.gms, PID: 20469
08-09 14:29:57.345 20469 20914 E AndroidRuntime: java.lang.IllegalArgumentException: Invalid column photo_uri
08-09 14:29:57.345 20469 20914 E AndroidRuntime: 	at android.database.DatabaseUtils.readExceptionFromParcel(DatabaseUtils.java:207)
08-09 14:29:57.345 20469 20914 E AndroidRuntime: 	at android.database.DatabaseUtils.readExceptionFromParcel(DatabaseUtils.java:177)
08-09 14:29:57.345 20469 20914 E AndroidRuntime: 	at android.content.ContentProviderProxy.query(ContentProviderNative.java:497)
08-09 14:29:57.345 20469 20914 E AndroidRuntime: 	at android.content.ContentProviderClient.lambda$query$1(ContentProviderClient.java:370)
08-09 14:29:57.345 20469 20914 E AndroidRuntime: 	at android.content.ContentProviderClient.$r8$lambda$XM3tFPA55ljHDptsaCJsFKE9eeU(ContentProviderClient.java:0)
08-09 14:29:57.345 20469 20914 E AndroidRuntime: 	at android.content.ContentProviderClient$$ExternalSyntheticLambda5.apply(D8$$SyntheticClass:0)
08-09 14:29:57.345 20469 20914 E AndroidRuntime: 	at android.content.ContentProviderClient.execute(ContentProviderClient.java:779)
08-09 14:29:57.345 20469 20914 E AndroidRuntime: 	at android.content.ContentProviderClient.query(ContentProviderClient.java:369)
08-09 14:29:57.345 20469 20914 E AndroidRuntime: 	at android.content.ContentProviderClient.query(ContentProviderClient.java:360)
08-09 14:29:57.345 20469 20914 E AndroidRuntime: 	at android.content.ContentProviderClient.query(ContentProviderClient.java:350)
08-09 14:29:57.345 20469 20914 E AndroidRuntime: 	at fefz.b(:com.google.android.gms@262434035@26.24.34 (260400-938041327):88)
08-09 14:29:57.345 20469 20914 E AndroidRuntime: 	at com.google.android.gms.people.sync.focus.SyncHighResPhotoIntentOperation.onHandleIntent(:com.google.android.gms@262434035@26.24.34 (260400-938041327):51)
08-09 14:29:57.345 20469 20914 E AndroidRuntime: 	at com.google.android.chimera.IntentOperation.onHandleIntent(:com.google.android.gms@262434035@26.24.34 (260400-938041327):1)
08-09 14:29:57.345 20469 20914 E AndroidRuntime: 	at bemu.onHandleIntent(:com.google.android.gms@262434035@26.24.34 (260400-938041327):88)
08-09 14:29:57.345 20469 20914 E AndroidRuntime: 	at abkp.run(:com.google.android.gms@262434035@26.24.34 (260400-938041327):58)
08-09 14:29:57.345 20469 20914 E AndroidRuntime: 	at abko.run(:com.google.android.gms@262434035@26.24.34 (260400-938041327):132)
08-09 14:29:57.345 20469 20914 E AndroidRuntime: 	at hgwo.run(:com.google.android.gms@262434035@26.24.34 (260400-938041327):23)
08-09 14:29:57.345 20469 20914 E AndroidRuntime: 	at java.util.concurrent.ThreadPoolExecutor.runWorker(ThreadPoolExecutor.java:1100)
08-09 14:29:57.345 20469 20914 E AndroidRuntime: 	at java.util.concurrent.ThreadPoolExecutor$Worker.run(ThreadPoolExecutor.java:624)
08-09 14:29:57.345 20469 20914 E AndroidRuntime: 	at java.lang.Thread.run(Thread.java:1572)
08-09 14:40:21.790 20924 22635 E AndroidRuntime: FATAL EXCEPTION: [com.google.android.gms.chimera.container.intentoperation.GmsIntentOperationChimeraService-Executor] idle
08-09 14:40:21.790 20924 22635 E AndroidRuntime: Process: com.google.android.gms, PID: 20924
08-09 14:40:21.790 20924 22635 E AndroidRuntime: java.lang.IllegalArgumentException: Invalid column photo_uri
08-09 14:40:21.790 20924 22635 E AndroidRuntime: 	at android.database.DatabaseUtils.readExceptionFromParcel(DatabaseUtils.java:207)
08-09 14:40:21.790 20924 22635 E AndroidRuntime: 	at android.database.DatabaseUtils.readExceptionFromParcel(DatabaseUtils.java:177)
08-09 14:40:21.790 20924 22635 E AndroidRuntime: 	at android.content.ContentProviderProxy.query(ContentProviderNative.java:497)
08-09 14:40:21.790 20924 22635 E AndroidRuntime: 	at android.content.ContentProviderClient.lambda$query$1(ContentProviderClient.java:370)
08-09 14:40:21.790 20924 22635 E AndroidRuntime: 	at android.content.ContentProviderClient.$r8$lambda$XM3tFPA55ljHDptsaCJsFKE9eeU(ContentProviderClient.java:0)
08-09 14:40:21.790 20924 22635 E AndroidRuntime: 	at android.content.ContentProviderClient$$ExternalSyntheticLambda5.apply(D8$$SyntheticClass:0)
08-09 14:40:21.790 20924 22635 E AndroidRuntime: 	at android.content.ContentProviderClient.execute(ContentProviderClient.java:779)
08-09 14:40:21.790 20924 22635 E AndroidRuntime: 	at android.content.ContentProviderClient.query(ContentProviderClient.java:369)
08-09 14:40:21.790 20924 22635 E AndroidRuntime: 	at android.content.ContentProviderClient.query(ContentProviderClient.java:360)
08-09 14:40:21.790 20924 22635 E AndroidRuntime: 	at android.content.ContentProviderClient.query(ContentProviderClient.java:350)
08-09 14:40:21.790 20924 22635 E AndroidRuntime: 	at fefz.b(:com.google.android.gms@262434035@26.24.34 (260400-938041327):88)
08-09 14:40:21.790 20924 22635 E AndroidRuntime: 	at com.google.android.gms.people.sync.focus.SyncHighResPhotoIntentOperation.onHandleIntent(:com.google.android.gms@262434035@26.24.34 (260400-938041327):51)
08-09 14:40:21.790 20924 22635 E AndroidRuntime: 	at com.google.android.chimera.IntentOperation.onHandleIntent(:com.google.android.gms@262434035@26.24.34 (260400-938041327):1)
08-09 14:40:21.790 20924 22635 E AndroidRuntime: 	at bemu.onHandleIntent(:com.google.android.gms@262434035@26.24.34 (260400-938041327):88)
08-09 14:40:21.790 20924 22635 E AndroidRuntime: 	at abkp.run(:com.google.android.gms@262434035@26.24.34 (260400-938041327):58)
08-09 14:40:21.790 20924 22635 E AndroidRuntime: 	at abko.run(:com.google.android.gms@262434035@26.24.34 (260400-938041327):132)
08-09 14:40:21.790 20924 22635 E AndroidRuntime: 	at hgwo.run(:com.google.android.gms@262434035@26.24.34 (260400-938041327):23)
08-09 14:40:21.790 20924 22635 E AndroidRuntime: 	at java.util.concurrent.ThreadPoolExecutor.runWorker(ThreadPoolExecutor.java:1100)
08-09 14:40:21.790 20924 22635 E AndroidRuntime: 	at java.util.concurrent.ThreadPoolExecutor$Worker.run(ThreadPoolExecutor.java:624)
08-09 14:40:21.790 20924 22635 E AndroidRuntime: 	at java.lang.Thread.run(Thread.java:1572)
08-09 14:40:56.934 22650 22955 E AndroidRuntime: FATAL EXCEPTION: [com.google.android.gms.chimera.container.intentoperation.GmsIntentOperationChimeraService-Executor] idle
08-09 14:40:56.934 22650 22955 E AndroidRuntime: Process: com.google.android.gms, PID: 22650
08-09 14:40:56.934 22650 22955 E AndroidRuntime: java.lang.IllegalArgumentException: Invalid column photo_uri
08-09 14:40:56.934 22650 22955 E AndroidRuntime: 	at android.database.DatabaseUtils.readExceptionFromParcel(DatabaseUtils.java:207)
08-09 14:40:56.934 22650 22955 E AndroidRuntime: 	at android.database.DatabaseUtils.readExceptionFromParcel(DatabaseUtils.java:177)
08-09 14:40:56.934 22650 22955 E AndroidRuntime: 	at android.content.ContentProviderProxy.query(ContentProviderNative.java:497)
08-09 14:40:56.934 22650 22955 E AndroidRuntime: 	at android.content.ContentProviderClient.lambda$query$1(ContentProviderClient.java:370)
08-09 14:40:56.934 22650 22955 E AndroidRuntime: 	at android.content.ContentProviderClient.$r8$lambda$XM3tFPA55ljHDptsaCJsFKE9eeU(ContentProviderClient.java:0)
08-09 14:40:56.934 22650 22955 E AndroidRuntime: 	at android.content.ContentProviderClient$$ExternalSyntheticLambda5.apply(D8$$SyntheticClass:0)
08-09 14:40:56.934 22650 22955 E AndroidRuntime: 	at android.content.ContentProviderClient.execute(ContentProviderClient.java:779)
08-09 14:40:56.934 22650 22955 E AndroidRuntime: 	at android.content.ContentProviderClient.query(ContentProviderClient.java:369)
08-09 14:40:56.934 22650 22955 E AndroidRuntime: 	at android.content.ContentProviderClient.query(ContentProviderClient.java:360)
08-09 14:40:56.934 22650 22955 E AndroidRuntime: 	at android.content.ContentProviderClient.query(ContentProviderClient.java:350)
08-09 14:40:56.934 22650 22955 E AndroidRuntime: 	at fefz.b(:com.google.android.gms@262434035@26.24.34 (260400-938041327):88)
08-09 14:40:56.934 22650 22955 E AndroidRuntime: 	at com.google.android.gms.people.sync.focus.SyncHighResPhotoIntentOperation.onHandleIntent(:com.google.android.gms@262434035@26.24.34 (260400-938041327):51)
08-09 14:40:56.934 22650 22955 E AndroidRuntime: 	at com.google.android.chimera.IntentOperation.onHandleIntent(:com.google.android.gms@262434035@26.24.34 (260400-938041327):1)
08-09 14:40:56.934 22650 22955 E AndroidRuntime: 	at bemu.onHandleIntent(:com.google.android.gms@262434035@26.24.34 (260400-938041327):88)
08-09 14:40:56.934 22650 22955 E AndroidRuntime: 	at abkp.run(:com.google.android.gms@262434035@26.24.34 (260400-938041327):58)
08-09 14:40:56.934 22650 22955 E AndroidRuntime: 	at abko.run(:com.google.android.gms@262434035@26.24.34 (260400-938041327):132)
08-09 14:40:56.934 22650 22955 E AndroidRuntime: 	at hgwo.run(:com.google.android.gms@262434035@26.24.34 (260400-938041327):23)
08-09 14:40:56.934 22650 22955 E AndroidRuntime: 	at java.util.concurrent.ThreadPoolExecutor.runWorker(ThreadPoolExecutor.java:1100)
08-09 14:40:56.934 22650 22955 E AndroidRuntime: 	at java.util.concurrent.ThreadPoolExecutor$Worker.run(ThreadPoolExecutor.java:624)
08-09 14:40:56.934 22650 22955 E AndroidRuntime: 	at java.lang.Thread.run(Thread.java:1572)
08-09 14:42:17.217 23056 23987 E AndroidRuntime: FATAL EXCEPTION: [com.google.android.gms.chimera.container.intentoperation.GmsIntentOperationChimeraService-Executor] idle
08-09 14:42:17.217 23056 23987 E AndroidRuntime: Process: com.google.android.gms, PID: 23056
08-09 14:42:17.217 23056 23987 E AndroidRuntime: java.lang.IllegalArgumentException: Invalid column photo_uri
08-09 14:42:17.217 23056 23987 E AndroidRuntime: 	at android.database.DatabaseUtils.readExceptionFromParcel(DatabaseUtils.java:207)
08-09 14:42:17.217 23056 23987 E AndroidRuntime: 	at android.database.DatabaseUtils.readExceptionFromParcel(DatabaseUtils.java:177)
08-09 14:42:17.217 23056 23987 E AndroidRuntime: 	at android.content.ContentProviderProxy.query(ContentProviderNative.java:497)
08-09 14:42:17.217 23056 23987 E AndroidRuntime: 	at android.content.ContentProviderClient.lambda$query$1(ContentProviderClient.java:370)
08-09 14:42:17.217 23056 23987 E AndroidRuntime: 	at android.content.ContentProviderClient.$r8$lambda$XM3tFPA55ljHDptsaCJsFKE9eeU(ContentProviderClient.java:0)
08-09 14:42:17.217 23056 23987 E AndroidRuntime: 	at android.content.ContentProviderClient$$ExternalSyntheticLambda5.apply(D8$$SyntheticClass:0)
08-09 14:42:17.217 23056 23987 E AndroidRuntime: 	at android.content.ContentProviderClient.execute(ContentProviderClient.java:779)
08-09 14:42:17.217 23056 23987 E AndroidRuntime: 	at android.content.ContentProviderClient.query(ContentProviderClient.java:369)
08-09 14:42:17.217 23056 23987 E AndroidRuntime: 	at android.content.ContentProviderClient.query(ContentProviderClient.java:360)
08-09 14:42:17.217 23056 23987 E AndroidRuntime: 	at android.content.ContentProviderClient.query(ContentProviderClient.java:350)
08-09 14:42:17.217 23056 23987 E AndroidRuntime: 	at fefz.b(:com.google.android.gms@262434035@26.24.34 (260400-938041327):88)
08-09 14:42:17.217 23056 23987 E AndroidRuntime: 	at com.google.android.gms.people.sync.focus.SyncHighResPhotoIntentOperation.onHandleIntent(:com.google.android.gms@262434035@26.24.34 (260400-938041327):51)
08-09 14:42:17.217 23056 23987 E AndroidRuntime: 	at com.google.android.chimera.IntentOperation.onHandleIntent(:com.google.android.gms@262434035@26.24.34 (260400-938041327):1)
08-09 14:42:17.217 23056 23987 E AndroidRuntime: 	at bemu.onHandleIntent(:com.google.android.gms@262434035@26.24.34 (260400-938041327):88)
08-09 14:42:17.217 23056 23987 E AndroidRuntime: 	at abkp.run(:com.google.android.gms@262434035@26.24.34 (260400-938041327):58)
08-09 14:42:17.217 23056 23987 E AndroidRuntime: 	at abko.run(:com.google.android.gms@262434035@26.24.34 (260400-938041327):132)
08-09 14:42:17.217 23056 23987 E AndroidRuntime: 	at hgwo.run(:com.google.android.gms@262434035@26.24.34 (260400-938041327):23)
08-09 14:42:17.217 23056 23987 E AndroidRuntime: 	at java.util.concurrent.ThreadPoolExecutor.runWorker(ThreadPoolExecutor.java:1100)
08-09 14:42:17.217 23056 23987 E AndroidRuntime: 	at java.util.concurrent.ThreadPoolExecutor$Worker.run(ThreadPoolExecutor.java:624)
08-09 14:42:17.217 23056 23987 E AndroidRuntime: 	at java.lang.Thread.run(Thread.java:1572)
08-09 14:43:07.568 24032 24174 E AndroidRuntime: FATAL EXCEPTION: [com.google.android.gms.chimera.container.intentoperation.GmsIntentOperationChimeraService-Executor] idle
08-09 14:43:07.568 24032 24174 E AndroidRuntime: Process: com.google.android.gms, PID: 24032
08-09 14:43:07.568 24032 24174 E AndroidRuntime: java.lang.IllegalArgumentException: Invalid column photo_uri
08-09 14:43:07.568 24032 24174 E AndroidRuntime: 	at android.database.DatabaseUtils.readExceptionFromParcel(DatabaseUtils.java:207)
08-09 14:43:07.568 24032 24174 E AndroidRuntime: 	at android.database.DatabaseUtils.readExceptionFromParcel(DatabaseUtils.java:177)
08-09 14:43:07.568 24032 24174 E AndroidRuntime: 	at android.content.ContentProviderProxy.query(ContentProviderNative.java:497)
08-09 14:43:07.568 24032 24174 E AndroidRuntime: 	at android.content.ContentProviderClient.lambda$query$1(ContentProviderClient.java:370)
08-09 14:43:07.568 24032 24174 E AndroidRuntime: 	at android.content.ContentProviderClient.$r8$lambda$XM3tFPA55ljHDptsaCJsFKE9eeU(ContentProviderClient.java:0)
08-09 14:43:07.568 24032 24174 E AndroidRuntime: 	at android.content.ContentProviderClient$$ExternalSyntheticLambda5.apply(D8$$SyntheticClass:0)
08-09 14:43:07.568 24032 24174 E AndroidRuntime: 	at android.content.ContentProviderClient.execute(ContentProviderClient.java:779)
08-09 14:43:07.568 24032 24174 E AndroidRuntime: 	at android.content.ContentProviderClient.query(ContentProviderClient.java:369)
08-09 14:43:07.568 24032 24174 E AndroidRuntime: 	at android.content.ContentProviderClient.query(ContentProviderClient.java:360)
08-09 14:43:07.568 24032 24174 E AndroidRuntime: 	at android.content.ContentProviderClient.query(ContentProviderClient.java:350)
08-09 14:43:07.568 24032 24174 E AndroidRuntime: 	at fefz.b(:com.google.android.gms@262434035@26.24.34 (260400-938041327):88)
08-09 14:43:07.568 24032 24174 E AndroidRuntime: 	at com.google.android.gms.people.sync.focus.SyncHighResPhotoIntentOperation.onHandleIntent(:com.google.android.gms@262434035@26.24.34 (260400-938041327):51)
08-09 14:43:07.568 24032 24174 E AndroidRuntime: 	at com.google.android.chimera.IntentOperation.onHandleIntent(:com.google.android.gms@262434035@26.24.34 (260400-938041327):1)
08-09 14:43:07.568 24032 24174 E AndroidRuntime: 	at bemu.onHandleIntent(:com.google.android.gms@262434035@26.24.34 (260400-938041327):88)
08-09 14:43:07.568 24032 24174 E AndroidRuntime: 	at abkp.run(:com.google.android.gms@262434035@26.24.34 (260400-938041327):58)
08-09 14:43:07.568 24032 24174 E AndroidRuntime: 	at abko.run(:com.google.android.gms@262434035@26.24.34 (260400-938041327):132)
08-09 14:43:07.568 24032 24174 E AndroidRuntime: 	at hgwo.run(:com.google.android.gms@262434035@26.24.34 (260400-938041327):23)
08-09 14:43:07.568 24032 24174 E AndroidRuntime: 	at java.util.concurrent.ThreadPoolExecutor.runWorker(ThreadPoolExecutor.java:1100)
08-09 14:43:07.568 24032 24174 E AndroidRuntime: 	at java.util.concurrent.ThreadPoolExecutor$Worker.run(ThreadPoolExecutor.java:624)
08-09 14:43:07.568 24032 24174 E AndroidRuntime: 	at java.lang.Thread.run(Thread.java:1572)
08-09 14:43:15.012 24220 24262 E AndroidRuntime: FATAL EXCEPTION: [com.google.android.gms.chimera.container.intentoperation.GmsIntentOperationChimeraService-Executor] idle
08-09 14:43:15.012 24220 24262 E AndroidRuntime: Process: com.google.android.gms, PID: 24220
08-09 14:43:15.012 24220 24262 E AndroidRuntime: java.lang.IllegalArgumentException: Invalid column photo_uri
08-09 14:43:15.012 24220 24262 E AndroidRuntime: 	at android.database.DatabaseUtils.readExceptionFromParcel(DatabaseUtils.java:207)
08-09 14:43:15.012 24220 24262 E AndroidRuntime: 	at android.database.DatabaseUtils.readExceptionFromParcel(DatabaseUtils.java:177)
08-09 14:43:15.012 24220 24262 E AndroidRuntime: 	at android.content.ContentProviderProxy.query(ContentProviderNative.java:497)
08-09 14:43:15.012 24220 24262 E AndroidRuntime: 	at android.content.ContentProviderClient.lambda$query$1(ContentProviderClient.java:370)
08-09 14:43:15.012 24220 24262 E AndroidRuntime: 	at android.content.ContentProviderClient.$r8$lambda$XM3tFPA55ljHDptsaCJsFKE9eeU(ContentProviderClient.java:0)
08-09 14:43:15.012 24220 24262 E AndroidRuntime: 	at android.content.ContentProviderClient$$ExternalSyntheticLambda5.apply(D8$$SyntheticClass:0)
08-09 14:43:15.012 24220 24262 E AndroidRuntime: 	at android.content.ContentProviderClient.execute(ContentProviderClient.java:779)
08-09 14:43:15.012 24220 24262 E AndroidRuntime: 	at android.content.ContentProviderClient.query(ContentProviderClient.java:369)
08-09 14:43:15.012 24220 24262 E AndroidRuntime: 	at android.content.ContentProviderClient.query(ContentProviderClient.java:360)
08-09 14:43:15.012 24220 24262 E AndroidRuntime: 	at android.content.ContentProviderClient.query(ContentProviderClient.java:350)
08-09 14:43:15.012 24220 24262 E AndroidRuntime: 	at fefz.b(:com.google.android.gms@262434035@26.24.34 (260400-938041327):88)
08-09 14:43:15.012 24220 24262 E AndroidRuntime: 	at com.google.android.gms.people.sync.focus.SyncHighResPhotoIntentOperation.onHandleIntent(:com.google.android.gms@262434035@26.24.34 (260400-938041327):51)
08-09 14:43:15.012 24220 24262 E AndroidRuntime: 	at com.google.android.chimera.IntentOperation.onHandleIntent(:com.google.android.gms@262434035@26.24.34 (260400-938041327):1)
08-09 14:43:15.012 24220 24262 E AndroidRuntime: 	at bemu.onHandleIntent(:com.google.android.gms@262434035@26.24.34 (260400-938041327):88)
08-09 14:43:15.012 24220 24262 E AndroidRuntime: 	at abkp.run(:com.google.android.gms@262434035@26.24.34 (260400-938041327):58)
08-09 14:43:15.012 24220 24262 E AndroidRuntime: 	at abko.run(:com.google.android.gms@262434035@26.24.34 (260400-938041327):132)
08-09 14:43:15.012 24220 24262 E AndroidRuntime: 	at hgwo.run(:com.google.android.gms@262434035@26.24.34 (260400-938041327):23)
08-09 14:43:15.012 24220 24262 E AndroidRuntime: 	at java.util.concurrent.ThreadPoolExecutor.runWorker(ThreadPoolExecutor.java:1100)
08-09 14:43:15.012 24220 24262 E AndroidRuntime: 	at java.util.concurrent.ThreadPoolExecutor$Worker.run(ThreadPoolExecutor.java:624)
08-09 14:43:15.012 24220 24262 E AndroidRuntime: 	at java.lang.Thread.run(Thread.java:1572)
08-09 14:43:17.306 24272 24314 E AndroidRuntime: FATAL EXCEPTION: [com.google.android.gms.chimera.container.intentoperation.GmsIntentOperationChimeraService-Executor] idle
08-09 14:43:17.306 24272 24314 E AndroidRuntime: Process: com.google.android.gms, PID: 24272
08-09 14:43:17.306 24272 24314 E AndroidRuntime: java.lang.IllegalArgumentException: Invalid column photo_uri
08-09 14:43:17.306 24272 24314 E AndroidRuntime: 	at android.database.DatabaseUtils.readExceptionFromParcel(DatabaseUtils.java:207)
08-09 14:43:17.306 24272 24314 E AndroidRuntime: 	at android.database.DatabaseUtils.readExceptionFromParcel(DatabaseUtils.java:177)
08-09 14:43:17.306 24272 24314 E AndroidRuntime: 	at android.content.ContentProviderProxy.query(ContentProviderNative.java:497)
08-09 14:43:17.306 24272 24314 E AndroidRuntime: 	at android.content.ContentProviderClient.lambda$query$1(ContentProviderClient.java:370)
08-09 14:43:17.306 24272 24314 E AndroidRuntime: 	at android.content.ContentProviderClient.$r8$lambda$XM3tFPA55ljHDptsaCJsFKE9eeU(ContentProviderClient.java:0)
08-09 14:43:17.306 24272 24314 E AndroidRuntime: 	at android.content.ContentProviderClient$$ExternalSyntheticLambda5.apply(D8$$SyntheticClass:0)
08-09 14:43:17.306 24272 24314 E AndroidRuntime: 	at android.content.ContentProviderClient.execute(ContentProviderClient.java:779)
08-09 14:43:17.306 24272 24314 E AndroidRuntime: 	at android.content.ContentProviderClient.query(ContentProviderClient.java:369)
08-09 14:43:17.306 24272 24314 E AndroidRuntime: 	at android.content.ContentProviderClient.query(ContentProviderClient.java:360)
08-09 14:43:17.306 24272 24314 E AndroidRuntime: 	at android.content.ContentProviderClient.query(ContentProviderClient.java:350)
08-09 14:43:17.306 24272 24314 E AndroidRuntime: 	at fefz.b(:com.google.android.gms@262434035@26.24.34 (260400-938041327):88)
08-09 14:43:17.306 24272 24314 E AndroidRuntime: 	at com.google.android.gms.people.sync.focus.SyncHighResPhotoIntentOperation.onHandleIntent(:com.google.android.gms@262434035@26.24.34 (260400-938041327):51)
08-09 14:43:17.306 24272 24314 E AndroidRuntime: 	at com.google.android.chimera.IntentOperation.onHandleIntent(:com.google.android.gms@262434035@26.24.34 (260400-938041327):1)
08-09 14:43:17.306 24272 24314 E AndroidRuntime: 	at bemu.onHandleIntent(:com.google.android.gms@262434035@26.24.34 (260400-938041327):88)
08-09 14:43:17.306 24272 24314 E AndroidRuntime: 	at abkp.run(:com.google.android.gms@262434035@26.24.34 (260400-938041327):58)
08-09 14:43:17.306 24272 24314 E AndroidRuntime: 	at abko.run(:com.google.android.gms@262434035@26.24.34 (260400-938041327):132)
08-09 14:43:17.306 24272 24314 E AndroidRuntime: 	at hgwo.run(:com.google.android.gms@262434035@26.24.34 (260400-938041327):23)
08-09 14:43:17.306 24272 24314 E AndroidRuntime: 	at java.util.concurrent.ThreadPoolExecutor.runWorker(ThreadPoolExecutor.java:1100)
08-09 14:43:17.306 24272 24314 E AndroidRuntime: 	at java.util.concurrent.ThreadPoolExecutor$Worker.run(ThreadPoolExecutor.java:624)
08-09 14:43:17.306 24272 24314 E AndroidRuntime: 	at java.lang.Thread.run(Thread.java:1572)
08-09 14:43:19.876 24320 24359 E AndroidRuntime: FATAL EXCEPTION: [com.google.android.gms.chimera.container.intentoperation.GmsIntentOperationChimeraService-Executor] idle
08-09 14:43:19.876 24320 24359 E AndroidRuntime: Process: com.google.android.gms, PID: 24320
08-09 14:43:19.876 24320 24359 E AndroidRuntime: java.lang.IllegalArgumentException: Invalid column photo_uri
08-09 14:43:19.876 24320 24359 E AndroidRuntime: 	at android.database.DatabaseUtils.readExceptionFromParcel(DatabaseUtils.java:207)
08-09 14:43:19.876 24320 24359 E AndroidRuntime: 	at android.database.DatabaseUtils.readExceptionFromParcel(DatabaseUtils.java:177)
08-09 14:43:19.876 24320 24359 E AndroidRuntime: 	at android.content.ContentProviderProxy.query(ContentProviderNative.java:497)
08-09 14:43:19.876 24320 24359 E AndroidRuntime: 	at android.content.ContentProviderClient.lambda$query$1(ContentProviderClient.java:370)
08-09 14:43:19.876 24320 24359 E AndroidRuntime: 	at android.content.ContentProviderClient.$r8$lambda$XM3tFPA55ljHDptsaCJsFKE9eeU(ContentProviderClient.java:0)
08-09 14:43:19.876 24320 24359 E AndroidRuntime: 	at android.content.ContentProviderClient$$ExternalSyntheticLambda5.apply(D8$$SyntheticClass:0)
08-09 14:43:19.876 24320 24359 E AndroidRuntime: 	at android.content.ContentProviderClient.execute(ContentProviderClient.java:779)
08-09 14:43:19.876 24320 24359 E AndroidRuntime: 	at android.content.ContentProviderClient.query(ContentProviderClient.java:369)
08-09 14:43:19.876 24320 24359 E AndroidRuntime: 	at android.content.ContentProviderClient.query(ContentProviderClient.java:360)
08-09 14:43:19.876 24320 24359 E AndroidRuntime: 	at android.content.ContentProviderClient.query(ContentProviderClient.java:350)
08-09 14:43:19.876 24320 24359 E AndroidRuntime: 	at fefz.b(:com.google.android.gms@262434035@26.24.34 (260400-938041327):88)
08-09 14:43:19.876 24320 24359 E AndroidRuntime: 	at com.google.android.gms.people.sync.focus.SyncHighResPhotoIntentOperation.onHandleIntent(:com.google.android.gms@262434035@26.24.34 (260400-938041327):51)
08-09 14:43:19.876 24320 24359 E AndroidRuntime: 	at com.google.android.chimera.IntentOperation.onHandleIntent(:com.google.android.gms@262434035@26.24.34 (260400-938041327):1)
08-09 14:43:19.876 24320 24359 E AndroidRuntime: 	at bemu.onHandleIntent(:com.google.android.gms@262434035@26.24.34 (260400-938041327):88)
08-09 14:43:19.876 24320 24359 E AndroidRuntime: 	at abkp.run(:com.google.android.gms@262434035@26.24.34 (260400-938041327):58)
08-09 14:43:19.876 24320 24359 E AndroidRuntime: 	at abko.run(:com.google.android.gms@262434035@26.24.34 (260400-938041327):132)
08-09 14:43:19.876 24320 24359 E AndroidRuntime: 	at hgwo.run(:com.google.android.gms@262434035@26.24.34 (260400-938041327):23)
08-09 14:43:19.876 24320 24359 E AndroidRuntime: 	at java.util.concurrent.ThreadPoolExecutor.runWorker(ThreadPoolExecutor.java:1100)
08-09 14:43:19.876 24320 24359 E AndroidRuntime: 	at java.util.concurrent.ThreadPoolExecutor$Worker.run(ThreadPoolExecutor.java:624)
08-09 14:43:19.876 24320 24359 E AndroidRuntime: 	at java.lang.Thread.run(Thread.java:1572)
08-09 16:43:32.066 28025 20640 E AndroidRuntime: FATAL EXCEPTION: [com.google.android.gms.chimera.container.intentoperation.GmsIntentOperationChimeraService-Executor] idle
08-09 16:43:32.066 28025 20640 E AndroidRuntime: Process: com.google.android.gms, PID: 28025
08-09 16:43:32.066 28025 20640 E AndroidRuntime: java.lang.IllegalArgumentException: Invalid column photo_uri
08-09 16:43:32.066 28025 20640 E AndroidRuntime: 	at android.database.DatabaseUtils.readExceptionFromParcel(DatabaseUtils.java:207)
08-09 16:43:32.066 28025 20640 E AndroidRuntime: 	at android.database.DatabaseUtils.readExceptionFromParcel(DatabaseUtils.java:177)
08-09 16:43:32.066 28025 20640 E AndroidRuntime: 	at android.content.ContentProviderProxy.query(ContentProviderNative.java:497)
08-09 16:43:32.066 28025 20640 E AndroidRuntime: 	at android.content.ContentProviderClient.lambda$query$1(ContentProviderClient.java:370)
08-09 16:43:32.066 28025 20640 E AndroidRuntime: 	at android.content.ContentProviderClient.$r8$lambda$XM3tFPA55ljHDptsaCJsFKE9eeU(ContentProviderClient.java:0)
08-09 16:43:32.066 28025 20640 E AndroidRuntime: 	at android.content.ContentProviderClient$$ExternalSyntheticLambda5.apply(D8$$SyntheticClass:0)
08-09 16:43:32.066 28025 20640 E AndroidRuntime: 	at android.content.ContentProviderClient.execute(ContentProviderClient.java:779)
08-09 16:43:32.066 28025 20640 E AndroidRuntime: 	at android.content.ContentProviderClient.query(ContentProviderClient.java:369)
08-09 16:43:32.066 28025 20640 E AndroidRuntime: 	at android.content.ContentProviderClient.query(ContentProviderClient.java:360)
08-09 16:43:32.066 28025 20640 E AndroidRuntime: 	at android.content.ContentProviderClient.query(ContentProviderClient.java:350)
08-09 16:43:32.066 28025 20640 E AndroidRuntime: 	at fefz.b(:com.google.android.gms@262434035@26.24.34 (260400-938041327):88)
08-09 16:43:32.066 28025 20640 E AndroidRuntime: 	at com.google.android.gms.people.sync.focus.SyncHighResPhotoIntentOperation.onHandleIntent(:com.google.android.gms@262434035@26.24.34 (260400-938041327):51)
08-09 16:43:32.066 28025 20640 E AndroidRuntime: 	at com.google.android.chimera.IntentOperation.onHandleIntent(:com.google.android.gms@262434035@26.24.34 (260400-938041327):1)
08-09 16:43:32.066 28025 20640 E AndroidRuntime: 	at bemu.onHandleIntent(:com.google.android.gms@262434035@26.24.34 (260400-938041327):88)
08-09 16:43:32.066 28025 20640 E AndroidRuntime: 	at abkp.run(:com.google.android.gms@262434035@26.24.34 (260400-938041327):58)
08-09 16:43:32.066 28025 20640 E AndroidRuntime: 	at abko.run(:com.google.android.gms@262434035@26.24.34 (260400-938041327):132)
08-09 16:43:32.066 28025 20640 E AndroidRuntime: 	at hgwo.run(:com.google.android.gms@262434035@26.24.34 (260400-938041327):23)
08-09 16:43:32.066 28025 20640 E AndroidRuntime: 	at java.util.concurrent.ThreadPoolExecutor.runWorker(ThreadPoolExecutor.java:1100)
08-09 16:43:32.066 28025 20640 E AndroidRuntime: 	at java.util.concurrent.ThreadPoolExecutor$Worker.run(ThreadPoolExecutor.java:624)
08-09 16:43:32.066 28025 20640 E AndroidRuntime: 	at java.lang.Thread.run(Thread.java:1572)
08-09 16:43:35.682 20685 20724 E AndroidRuntime: FATAL EXCEPTION: [com.google.android.gms.chimera.container.intentoperation.GmsIntentOperationChimeraService-Executor] idle
08-09 16:43:35.682 20685 20724 E AndroidRuntime: Process: com.google.android.gms, PID: 20685
08-09 16:43:35.682 20685 20724 E AndroidRuntime: java.lang.IllegalArgumentException: Invalid column photo_uri
08-09 16:43:35.682 20685 20724 E AndroidRuntime: 	at android.database.DatabaseUtils.readExceptionFromParcel(DatabaseUtils.java:207)
08-09 16:43:35.682 20685 20724 E AndroidRuntime: 	at android.database.DatabaseUtils.readExceptionFromParcel(DatabaseUtils.java:177)
08-09 16:43:35.682 20685 20724 E AndroidRuntime: 	at android.content.ContentProviderProxy.query(ContentProviderNative.java:497)
08-09 16:43:35.682 20685 20724 E AndroidRuntime: 	at android.content.ContentProviderClient.lambda$query$1(ContentProviderClient.java:370)
08-09 16:43:35.682 20685 20724 E AndroidRuntime: 	at android.content.ContentProviderClient.$r8$lambda$XM3tFPA55ljHDptsaCJsFKE9eeU(ContentProviderClient.java:0)
08-09 16:43:35.682 20685 20724 E AndroidRuntime: 	at android.content.ContentProviderClient$$ExternalSyntheticLambda5.apply(D8$$SyntheticClass:0)
08-09 16:43:35.682 20685 20724 E AndroidRuntime: 	at android.content.ContentProviderClient.execute(ContentProviderClient.java:779)
08-09 16:43:35.682 20685 20724 E AndroidRuntime: 	at android.content.ContentProviderClient.query(ContentProviderClient.java:369)
08-09 16:43:35.682 20685 20724 E AndroidRuntime: 	at android.content.ContentProviderClient.query(ContentProviderClient.java:360)
08-09 16:43:35.682 20685 20724 E AndroidRuntime: 	at android.content.ContentProviderClient.query(ContentProviderClient.java:350)
08-09 16:43:35.682 20685 20724 E AndroidRuntime: 	at fefz.b(:com.google.android.gms@262434035@26.24.34 (260400-938041327):88)
08-09 16:43:35.682 20685 20724 E AndroidRuntime: 	at com.google.android.gms.people.sync.focus.SyncHighResPhotoIntentOperation.onHandleIntent(:com.google.android.gms@262434035@26.24.34 (260400-938041327):51)
08-09 16:43:35.682 20685 20724 E AndroidRuntime: 	at com.google.android.chimera.IntentOperation.onHandleIntent(:com.google.android.gms@262434035@26.24.34 (260400-938041327):1)
08-09 16:43:35.682 20685 20724 E AndroidRuntime: 	at bemu.onHandleIntent(:com.google.android.gms@262434035@26.24.34 (260400-938041327):88)
08-09 16:43:35.682 20685 20724 E AndroidRuntime: 	at abkp.run(:com.google.android.gms@262434035@26.24.34 (260400-938041327):58)
08-09 16:43:35.682 20685 20724 E AndroidRuntime: 	at abko.run(:com.google.android.gms@262434035@26.24.34 (260400-938041327):132)
08-09 16:43:35.682 20685 20724 E AndroidRuntime: 	at hgwo.run(:com.google.android.gms@262434035@26.24.34 (260400-938041327):23)
08-09 16:43:35.682 20685 20724 E AndroidRuntime: 	at java.util.concurrent.ThreadPoolExecutor.runWorker(ThreadPoolExecutor.java:1100)
08-09 16:43:35.682 20685 20724 E AndroidRuntime: 	at java.util.concurrent.ThreadPoolExecutor$Worker.run(ThreadPoolExecutor.java:624)
08-09 16:43:35.682 20685 20724 E AndroidRuntime: 	at java.lang.Thread.run(Thread.java:1572)
08-09 17:33:01.138 28223 28263 F libc    : Fatal signal 11 (SIGSEGV), code 1 (SEGV_MAPERR), fault addr 0xc9185a1f4240 in tid 28263 (CrRendererMain), pid 28223 (ocessService0:5)
08-10 06:55:34.332 15485 15485 F linker  : error: unable to open file "/data/app/~~GxhnDi5CoKz_VJSR3TFz7g==/app.vanadium.trichromelibrary_792210834-YOTyuf9QeZ2-bmH6OFxNCA==/base.apk!/lib/arm64-v8a/libcrashpad_handler_trampoline.so"
08-10 10:18:36.225 16139 18679 E AndroidRuntime: FATAL EXCEPTION: [com.google.android.gms.chimera.container.intentoperation.GmsIntentOperationChimeraService-Executor] idle
08-10 10:18:36.225 16139 18679 E AndroidRuntime: Process: com.google.android.gms, PID: 16139
08-10 10:18:36.225 16139 18679 E AndroidRuntime: java.lang.IllegalArgumentException: Invalid column photo_uri
08-10 10:18:36.225 16139 18679 E AndroidRuntime: 	at android.database.DatabaseUtils.readExceptionFromParcel(DatabaseUtils.java:207)
08-10 10:18:36.225 16139 18679 E AndroidRuntime: 	at android.database.DatabaseUtils.readExceptionFromParcel(DatabaseUtils.java:177)
08-10 10:18:36.225 16139 18679 E AndroidRuntime: 	at android.content.ContentProviderProxy.query(ContentProviderNative.java:497)
08-10 10:18:36.225 16139 18679 E AndroidRuntime: 	at android.content.ContentProviderClient.lambda$query$1(ContentProviderClient.java:370)
08-10 10:18:36.225 16139 18679 E AndroidRuntime: 	at android.content.ContentProviderClient.$r8$lambda$XM3tFPA55ljHDptsaCJsFKE9eeU(ContentProviderClient.java:0)
08-10 10:18:36.225 16139 18679 E AndroidRuntime: 	at android.content.ContentProviderClient$$ExternalSyntheticLambda5.apply(D8$$SyntheticClass:0)
08-10 10:18:36.225 16139 18679 E AndroidRuntime: 	at android.content.ContentProviderClient.execute(ContentProviderClient.java:779)
08-10 10:18:36.225 16139 18679 E AndroidRuntime: 	at android.content.ContentProviderClient.query(ContentProviderClient.java:369)
08-10 10:18:36.225 16139 18679 E AndroidRuntime: 	at android.content.ContentProviderClient.query(ContentProviderClient.java:360)
08-10 10:18:36.225 16139 18679 E AndroidRuntime: 	at android.content.ContentProviderClient.query(ContentProviderClient.java:350)
08-10 10:18:36.225 16139 18679 E AndroidRuntime: 	at fefz.b(:com.google.android.gms@262434035@26.24.34 (260400-938041327):88)
08-10 10:18:36.225 16139 18679 E AndroidRuntime: 	at com.google.android.gms.people.sync.focus.SyncHighResPhotoIntentOperation.onHandleIntent(:com.google.android.gms@262434035@26.24.34 (260400-938041327):51)
08-10 10:18:36.225 16139 18679 E AndroidRuntime: 	at com.google.android.chimera.IntentOperation.onHandleIntent(:com.google.android.gms@262434035@26.24.34 (260400-938041327):1)
08-10 10:18:36.225 16139 18679 E AndroidRuntime: 	at bemu.onHandleIntent(:com.google.android.gms@262434035@26.24.34 (260400-938041327):88)
08-10 10:18:36.225 16139 18679 E AndroidRuntime: 	at abkp.run(:com.google.android.gms@262434035@26.24.34 (260400-938041327):58)
08-10 10:18:36.225 16139 18679 E AndroidRuntime: 	at abko.run(:com.google.android.gms@262434035@26.24.34 (260400-938041327):132)
08-10 10:18:36.225 16139 18679 E AndroidRuntime: 	at hgwo.run(:com.google.android.gms@262434035@26.24.34 (260400-938041327):23)
08-10 10:18:36.225 16139 18679 E AndroidRuntime: 	at java.util.concurrent.ThreadPoolExecutor.runWorker(ThreadPoolExecutor.java:1100)
08-10 10:18:36.225 16139 18679 E AndroidRuntime: 	at java.util.concurrent.ThreadPoolExecutor$Worker.run(ThreadPoolExecutor.java:624)
08-10 10:18:36.225 16139 18679 E AndroidRuntime: 	at java.lang.Thread.run(Thread.java:1572)
08-10 10:18:40.442 18734 18807 E AndroidRuntime: FATAL EXCEPTION: [com.google.android.gms.chimera.container.intentoperation.GmsIntentOperationChimeraService-Executor] idle
08-10 10:18:40.442 18734 18807 E AndroidRuntime: Process: com.google.android.gms, PID: 18734
08-10 10:18:40.442 18734 18807 E AndroidRuntime: java.lang.IllegalArgumentException: Invalid column photo_uri
08-10 10:18:40.442 18734 18807 E AndroidRuntime: 	at android.database.DatabaseUtils.readExceptionFromParcel(DatabaseUtils.java:207)
08-10 10:18:40.442 18734 18807 E AndroidRuntime: 	at android.database.DatabaseUtils.readExceptionFromParcel(DatabaseUtils.java:177)
08-10 10:18:40.442 18734 18807 E AndroidRuntime: 	at android.content.ContentProviderProxy.query(ContentProviderNative.java:497)
08-10 10:18:40.442 18734 18807 E AndroidRuntime: 	at android.content.ContentProviderClient.lambda$query$1(ContentProviderClient.java:370)
08-10 10:18:40.442 18734 18807 E AndroidRuntime: 	at android.content.ContentProviderClient.$r8$lambda$XM3tFPA55ljHDptsaCJsFKE9eeU(ContentProviderClient.java:0)
08-10 10:18:40.442 18734 18807 E AndroidRuntime: 	at android.content.ContentProviderClient$$ExternalSyntheticLambda5.apply(D8$$SyntheticClass:0)
08-10 10:18:40.442 18734 18807 E AndroidRuntime: 	at android.content.ContentProviderClient.execute(ContentProviderClient.java:779)
08-10 10:18:40.442 18734 18807 E AndroidRuntime: 	at android.content.ContentProviderClient.query(ContentProviderClient.java:369)
08-10 10:18:40.442 18734 18807 E AndroidRuntime: 	at android.content.ContentProviderClient.query(ContentProviderClient.java:360)
08-10 10:18:40.442 18734 18807 E AndroidRuntime: 	at android.content.ContentProviderClient.query(ContentProviderClient.java:350)
08-10 10:18:40.442 18734 18807 E AndroidRuntime: 	at fefz.b(:com.google.android.gms@262434035@26.24.34 (260400-938041327):88)
08-10 10:18:40.442 18734 18807 E AndroidRuntime: 	at com.google.android.gms.people.sync.focus.SyncHighResPhotoIntentOperation.onHandleIntent(:com.google.android.gms@262434035@26.24.34 (260400-938041327):51)
08-10 10:18:40.442 18734 18807 E AndroidRuntime: 	at com.google.android.chimera.IntentOperation.onHandleIntent(:com.google.android.gms@262434035@26.24.34 (260400-938041327):1)
08-10 10:18:40.442 18734 18807 E AndroidRuntime: 	at bemu.onHandleIntent(:com.google.android.gms@262434035@26.24.34 (260400-938041327):88)
08-10 10:18:40.442 18734 18807 E AndroidRuntime: 	at abkp.run(:com.google.android.gms@262434035@26.24.34 (260400-938041327):58)
08-10 10:18:40.442 18734 18807 E AndroidRuntime: 	at abko.run(:com.google.android.gms@262434035@26.24.34 (260400-938041327):132)
08-10 10:18:40.442 18734 18807 E AndroidRuntime: 	at hgwo.run(:com.google.android.gms@262434035@26.24.34 (260400-938041327):23)
08-10 10:18:40.442 18734 18807 E AndroidRuntime: 	at java.util.concurrent.ThreadPoolExecutor.runWorker(ThreadPoolExecutor.java:1100)
08-10 10:18:40.442 18734 18807 E AndroidRuntime: 	at java.util.concurrent.ThreadPoolExecutor$Worker.run(ThreadPoolExecutor.java:624)
08-10 10:18:40.442 18734 18807 E AndroidRuntime: 	at java.lang.Thread.run(Thread.java:1572)
08-10 16:07:59.658 11048 25264 E AndroidRuntime: FATAL EXCEPTION: [com.google.android.gms.chimera.container.intentoperation.GmsIntentOperationChimeraService-Executor] idle
08-10 16:07:59.658 11048 25264 E AndroidRuntime: Process: com.google.android.gms, PID: 11048
08-10 16:07:59.658 11048 25264 E AndroidRuntime: java.lang.IllegalArgumentException: Invalid column photo_uri
08-10 16:07:59.658 11048 25264 E AndroidRuntime: 	at android.database.DatabaseUtils.readExceptionFromParcel(DatabaseUtils.java:207)
08-10 16:07:59.658 11048 25264 E AndroidRuntime: 	at android.database.DatabaseUtils.readExceptionFromParcel(DatabaseUtils.java:177)
08-10 16:07:59.658 11048 25264 E AndroidRuntime: 	at android.content.ContentProviderProxy.query(ContentProviderNative.java:497)
08-10 16:07:59.658 11048 25264 E AndroidRuntime: 	at android.content.ContentProviderClient.lambda$query$1(ContentProviderClient.java:370)
08-10 16:07:59.658 11048 25264 E AndroidRuntime: 	at android.content.ContentProviderClient.$r8$lambda$XM3tFPA55ljHDptsaCJsFKE9eeU(ContentProviderClient.java:0)
08-10 16:07:59.658 11048 25264 E AndroidRuntime: 	at android.content.ContentProviderClient$$ExternalSyntheticLambda5.apply(D8$$SyntheticClass:0)
08-10 16:07:59.658 11048 25264 E AndroidRuntime: 	at android.content.ContentProviderClient.execute(ContentProviderClient.java:779)
08-10 16:07:59.658 11048 25264 E AndroidRuntime: 	at android.content.ContentProviderClient.query(ContentProviderClient.java:369)
08-10 16:07:59.658 11048 25264 E AndroidRuntime: 	at android.content.ContentProviderClient.query(ContentProviderClient.java:360)
08-10 16:07:59.658 11048 25264 E AndroidRuntime: 	at android.content.ContentProviderClient.query(ContentProviderClient.java:350)
08-10 16:07:59.658 11048 25264 E AndroidRuntime: 	at fefz.b(:com.google.android.gms@262434035@26.24.34 (260400-938041327):88)
08-10 16:07:59.658 11048 25264 E AndroidRuntime: 	at com.google.android.gms.people.sync.focus.SyncHighResPhotoIntentOperation.onHandleIntent(:com.google.android.gms@262434035@26.24.34 (260400-938041327):51)
08-10 16:07:59.658 11048 25264 E AndroidRuntime: 	at com.google.android.chimera.IntentOperation.onHandleIntent(:com.google.android.gms@262434035@26.24.34 (260400-938041327):1)
08-10 16:07:59.658 11048 25264 E AndroidRuntime: 	at bemu.onHandleIntent(:com.google.android.gms@262434035@26.24.34 (260400-938041327):88)
08-10 16:07:59.658 11048 25264 E AndroidRuntime: 	at abkp.run(:com.google.android.gms@262434035@26.24.34 (260400-938041327):58)
08-10 16:07:59.658 11048 25264 E AndroidRuntime: 	at abko.run(:com.google.android.gms@262434035@26.24.34 (260400-938041327):132)
08-10 16:07:59.658 11048 25264 E AndroidRuntime: 	at hgwo.run(:com.google.android.gms@262434035@26.24.34 (260400-938041327):23)
08-10 16:07:59.658 11048 25264 E AndroidRuntime: 	at java.util.concurrent.ThreadPoolExecutor.runWorker(ThreadPoolExecutor.java:1100)
08-10 16:07:59.658 11048 25264 E AndroidRuntime: 	at java.util.concurrent.ThreadPoolExecutor$Worker.run(ThreadPoolExecutor.java:624)
08-10 16:07:59.658 11048 25264 E AndroidRuntime: 	at java.lang.Thread.run(Thread.java:1572)
08-10 16:08:01.603 25288 25367 E AndroidRuntime: FATAL EXCEPTION: [com.google.android.gms.chimera.container.intentoperation.GmsIntentOperationChimeraService-Executor] idle
08-10 16:08:01.603 25288 25367 E AndroidRuntime: Process: com.google.android.gms, PID: 25288
08-10 16:08:01.603 25288 25367 E AndroidRuntime: java.lang.IllegalArgumentException: Invalid column photo_uri
08-10 16:08:01.603 25288 25367 E AndroidRuntime: 	at android.database.DatabaseUtils.readExceptionFromParcel(DatabaseUtils.java:207)
08-10 16:08:01.603 25288 25367 E AndroidRuntime: 	at android.database.DatabaseUtils.readExceptionFromParcel(DatabaseUtils.java:177)
08-10 16:08:01.603 25288 25367 E AndroidRuntime: 	at android.content.ContentProviderProxy.query(ContentProviderNative.java:497)
08-10 16:08:01.603 25288 25367 E AndroidRuntime: 	at android.content.ContentProviderClient.lambda$query$1(ContentProviderClient.java:370)
08-10 16:08:01.603 25288 25367 E AndroidRuntime: 	at android.content.ContentProviderClient.$r8$lambda$XM3tFPA55ljHDptsaCJsFKE9eeU(ContentProviderClient.java:0)
08-10 16:08:01.603 25288 25367 E AndroidRuntime: 	at android.content.ContentProviderClient$$ExternalSyntheticLambda5.apply(D8$$SyntheticClass:0)
08-10 16:08:01.603 25288 25367 E AndroidRuntime: 	at android.content.ContentProviderClient.execute(ContentProviderClient.java:779)
08-10 16:08:01.603 25288 25367 E AndroidRuntime: 	at android.content.ContentProviderClient.query(ContentProviderClient.java:369)
08-10 16:08:01.603 25288 25367 E AndroidRuntime: 	at android.content.ContentProviderClient.query(ContentProviderClient.java:360)
08-10 16:08:01.603 25288 25367 E AndroidRuntime: 	at android.content.ContentProviderClient.query(ContentProviderClient.java:350)
08-10 16:08:01.603 25288 25367 E AndroidRuntime: 	at fefz.b(:com.google.android.gms@262434035@26.24.34 (260400-938041327):88)
08-10 16:08:01.603 25288 25367 E AndroidRuntime: 	at com.google.android.gms.people.sync.focus.SyncHighResPhotoIntentOperation.onHandleIntent(:com.google.android.gms@262434035@26.24.34 (260400-938041327):51)
08-10 16:08:01.603 25288 25367 E AndroidRuntime: 	at com.google.android.chimera.IntentOperation.onHandleIntent(:com.google.android.gms@262434035@26.24.34 (260400-938041327):1)
08-10 16:08:01.603 25288 25367 E AndroidRuntime: 	at bemu.onHandleIntent(:com.google.android.gms@262434035@26.24.34 (260400-938041327):88)
08-10 16:08:01.603 25288 25367 E AndroidRuntime: 	at abkp.run(:com.google.android.gms@262434035@26.24.34 (260400-938041327):58)
08-10 16:08:01.603 25288 25367 E AndroidRuntime: 	at abko.run(:com.google.android.gms@262434035@26.24.34 (260400-938041327):132)
08-10 16:08:01.603 25288 25367 E AndroidRuntime: 	at hgwo.run(:com.google.android.gms@262434035@26.24.34 (260400-938041327):23)
08-10 16:08:01.603 25288 25367 E AndroidRuntime: 	at java.util.concurrent.ThreadPoolExecutor.runWorker(ThreadPoolExecutor.java:1100)
08-10 16:08:01.603 25288 25367 E AndroidRuntime: 	at java.util.concurrent.ThreadPoolExecutor$Worker.run(ThreadPoolExecutor.java:624)
08-10 16:08:01.603 25288 25367 E AndroidRuntime: 	at java.lang.Thread.run(Thread.java:1572)
08-10 16:08:41.724 25542 25606 E AndroidRuntime: FATAL EXCEPTION: [com.google.android.gms.chimera.container.intentoperation.GmsIntentOperationChimeraService-Executor] idle
08-10 16:08:41.724 25542 25606 E AndroidRuntime: Process: com.google.android.gms, PID: 25542
08-10 16:08:41.724 25542 25606 E AndroidRuntime: java.lang.IllegalArgumentException: Invalid column photo_uri
08-10 16:08:41.724 25542 25606 E AndroidRuntime: 	at android.database.DatabaseUtils.readExceptionFromParcel(DatabaseUtils.java:207)
08-10 16:08:41.724 25542 25606 E AndroidRuntime: 	at android.database.DatabaseUtils.readExceptionFromParcel(DatabaseUtils.java:177)
08-10 16:08:41.724 25542 25606 E AndroidRuntime: 	at android.content.ContentProviderProxy.query(ContentProviderNative.java:497)
08-10 16:08:41.724 25542 25606 E AndroidRuntime: 	at android.content.ContentProviderClient.lambda$query$1(ContentProviderClient.java:370)
08-10 16:08:41.724 25542 25606 E AndroidRuntime: 	at android.content.ContentProviderClient.$r8$lambda$XM3tFPA55ljHDptsaCJsFKE9eeU(ContentProviderClient.java:0)
08-10 16:08:41.724 25542 25606 E AndroidRuntime: 	at android.content.ContentProviderClient$$ExternalSyntheticLambda5.apply(D8$$SyntheticClass:0)
08-10 16:08:41.724 25542 25606 E AndroidRuntime: 	at android.content.ContentProviderClient.execute(ContentProviderClient.java:779)
08-10 16:08:41.724 25542 25606 E AndroidRuntime: 	at android.content.ContentProviderClient.query(ContentProviderClient.java:369)
08-10 16:08:41.724 25542 25606 E AndroidRuntime: 	at android.content.ContentProviderClient.query(ContentProviderClient.java:360)
08-10 16:08:41.724 25542 25606 E AndroidRuntime: 	at android.content.ContentProviderClient.query(ContentProviderClient.java:350)
08-10 16:08:41.724 25542 25606 E AndroidRuntime: 	at fefz.b(:com.google.android.gms@262434035@26.24.34 (260400-938041327):88)
08-10 16:08:41.724 25542 25606 E AndroidRuntime: 	at com.google.android.gms.people.sync.focus.SyncHighResPhotoIntentOperation.onHandleIntent(:com.google.android.gms@262434035@26.24.34 (260400-938041327):51)
08-10 16:08:41.724 25542 25606 E AndroidRuntime: 	at com.google.android.chimera.IntentOperation.onHandleIntent(:com.google.android.gms@262434035@26.24.34 (260400-938041327):1)
08-10 16:08:41.724 25542 25606 E AndroidRuntime: 	at bemu.onHandleIntent(:com.google.android.gms@262434035@26.24.34 (260400-938041327):88)
08-10 16:08:41.724 25542 25606 E AndroidRuntime: 	at abkp.run(:com.google.android.gms@262434035@26.24.34 (260400-938041327):58)
08-10 16:08:41.724 25542 25606 E AndroidRuntime: 	at abko.run(:com.google.android.gms@262434035@26.24.34 (260400-938041327):132)
08-10 16:08:41.724 25542 25606 E AndroidRuntime: 	at hgwo.run(:com.google.android.gms@262434035@26.24.34 (260400-938041327):23)
08-10 16:08:41.724 25542 25606 E AndroidRuntime: 	at java.util.concurrent.ThreadPoolExecutor.runWorker(ThreadPoolExecutor.java:1100)
08-10 16:08:41.724 25542 25606 E AndroidRuntime: 	at java.util.concurrent.ThreadPoolExecutor$Worker.run(ThreadPoolExecutor.java:624)
08-10 16:08:41.724 25542 25606 E AndroidRuntime: 	at java.lang.Thread.run(Thread.java:1572)
08-10 16:08:53.914 25640 25693 E AndroidRuntime: FATAL EXCEPTION: [com.google.android.gms.chimera.container.intentoperation.GmsIntentOperationChimeraService-Executor] idle
08-10 16:08:53.914 25640 25693 E AndroidRuntime: Process: com.google.android.gms, PID: 25640
08-10 16:08:53.914 25640 25693 E AndroidRuntime: java.lang.IllegalArgumentException: Invalid column photo_uri
08-10 16:08:53.914 25640 25693 E AndroidRuntime: 	at android.database.DatabaseUtils.readExceptionFromParcel(DatabaseUtils.java:207)
08-10 16:08:53.914 25640 25693 E AndroidRuntime: 	at android.database.DatabaseUtils.readExceptionFromParcel(DatabaseUtils.java:177)
08-10 16:08:53.914 25640 25693 E AndroidRuntime: 	at android.content.ContentProviderProxy.query(ContentProviderNative.java:497)
08-10 16:08:53.914 25640 25693 E AndroidRuntime: 	at android.content.ContentProviderClient.lambda$query$1(ContentProviderClient.java:370)
08-10 16:08:53.914 25640 25693 E AndroidRuntime: 	at android.content.ContentProviderClient.$r8$lambda$XM3tFPA55ljHDptsaCJsFKE9eeU(ContentProviderClient.java:0)
08-10 16:08:53.914 25640 25693 E AndroidRuntime: 	at android.content.ContentProviderClient$$ExternalSyntheticLambda5.apply(D8$$SyntheticClass:0)
08-10 16:08:53.914 25640 25693 E AndroidRuntime: 	at android.content.ContentProviderClient.execute(ContentProviderClient.java:779)
08-10 16:08:53.914 25640 25693 E AndroidRuntime: 	at android.content.ContentProviderClient.query(ContentProviderClient.java:369)
08-10 16:08:53.914 25640 25693 E AndroidRuntime: 	at android.content.ContentProviderClient.query(ContentProviderClient.java:360)
08-10 16:08:53.914 25640 25693 E AndroidRuntime: 	at android.content.ContentProviderClient.query(ContentProviderClient.java:350)
08-10 16:08:53.914 25640 25693 E AndroidRuntime: 	at fefz.b(:com.google.android.gms@262434035@26.24.34 (260400-938041327):88)
08-10 16:08:53.914 25640 25693 E AndroidRuntime: 	at com.google.android.gms.people.sync.focus.SyncHighResPhotoIntentOperation.onHandleIntent(:com.google.android.gms@262434035@26.24.34 (260400-938041327):51)
08-10 16:08:53.914 25640 25693 E AndroidRuntime: 	at com.google.android.chimera.IntentOperation.onHandleIntent(:com.google.android.gms@262434035@26.24.34 (260400-938041327):1)
08-10 16:08:53.914 25640 25693 E AndroidRuntime: 	at bemu.onHandleIntent(:com.google.android.gms@262434035@26.24.34 (260400-938041327):88)
08-10 16:08:53.914 25640 25693 E AndroidRuntime: 	at abkp.run(:com.google.android.gms@262434035@26.24.34 (260400-938041327):58)
08-10 16:08:53.914 25640 25693 E AndroidRuntime: 	at abko.run(:com.google.android.gms@262434035@26.24.34 (260400-938041327):132)
08-10 16:08:53.914 25640 25693 E AndroidRuntime: 	at hgwo.run(:com.google.android.gms@262434035@26.24.34 (260400-938041327):23)
08-10 16:08:53.914 25640 25693 E AndroidRuntime: 	at java.util.concurrent.ThreadPoolExecutor.runWorker(ThreadPoolExecutor.java:1100)
08-10 16:08:53.914 25640 25693 E AndroidRuntime: 	at java.util.concurrent.ThreadPoolExecutor$Worker.run(ThreadPoolExecutor.java:624)
08-10 16:08:53.914 25640 25693 E AndroidRuntime: 	at java.lang.Thread.run(Thread.java:1572)
08-10 16:49:28.059 30117 30904 E AndroidRuntime: FATAL EXCEPTION: [com.google.android.gms.chimera.container.intentoperation.GmsIntentOperationChimeraService-Executor] idle
08-10 16:49:28.059 30117 30904 E AndroidRuntime: Process: com.google.android.gms, PID: 30117
08-10 16:49:28.059 30117 30904 E AndroidRuntime: java.lang.IllegalArgumentException: Invalid column photo_uri
08-10 16:49:28.059 30117 30904 E AndroidRuntime: 	at android.database.DatabaseUtils.readExceptionFromParcel(DatabaseUtils.java:207)
08-10 16:49:28.059 30117 30904 E AndroidRuntime: 	at android.database.DatabaseUtils.readExceptionFromParcel(DatabaseUtils.java:177)
08-10 16:49:28.059 30117 30904 E AndroidRuntime: 	at android.content.ContentProviderProxy.query(ContentProviderNative.java:497)
08-10 16:49:28.059 30117 30904 E AndroidRuntime: 	at android.content.ContentProviderClient.lambda$query$1(ContentProviderClient.java:370)
08-10 16:49:28.059 30117 30904 E AndroidRuntime: 	at android.content.ContentProviderClient.$r8$lambda$XM3tFPA55ljHDptsaCJsFKE9eeU(ContentProviderClient.java:0)
08-10 16:49:28.059 30117 30904 E AndroidRuntime: 	at android.content.ContentProviderClient$$ExternalSyntheticLambda5.apply(D8$$SyntheticClass:0)
08-10 16:49:28.059 30117 30904 E AndroidRuntime: 	at android.content.ContentProviderClient.execute(ContentProviderClient.java:779)
08-10 16:49:28.059 30117 30904 E AndroidRuntime: 	at android.content.ContentProviderClient.query(ContentProviderClient.java:369)
08-10 16:49:28.059 30117 30904 E AndroidRuntime: 	at android.content.ContentProviderClient.query(ContentProviderClient.java:360)
08-10 16:49:28.059 30117 30904 E AndroidRuntime: 	at android.content.ContentProviderClient.query(ContentProviderClient.java:350)
08-10 16:49:28.059 30117 30904 E AndroidRuntime: 	at fefz.b(:com.google.android.gms@262434035@26.24.34 (260400-938041327):88)
08-10 16:49:28.059 30117 30904 E AndroidRuntime: 	at com.google.android.gms.people.sync.focus.SyncHighResPhotoIntentOperation.onHandleIntent(:com.google.android.gms@262434035@26.24.34 (260400-938041327):51)
08-10 16:49:28.059 30117 30904 E AndroidRuntime: 	at com.google.android.chimera.IntentOperation.onHandleIntent(:com.google.android.gms@262434035@26.24.34 (260400-938041327):1)
08-10 16:49:28.059 30117 30904 E AndroidRuntime: 	at bemu.onHandleIntent(:com.google.android.gms@262434035@26.24.34 (260400-938041327):88)
08-10 16:49:28.059 30117 30904 E AndroidRuntime: 	at abkp.run(:com.google.android.gms@262434035@26.24.34 (260400-938041327):58)
08-10 16:49:28.059 30117 30904 E AndroidRuntime: 	at abko.run(:com.google.android.gms@262434035@26.24.34 (260400-938041327):132)
08-10 16:49:28.059 30117 30904 E AndroidRuntime: 	at hgwo.run(:com.google.android.gms@262434035@26.24.34 (260400-938041327):23)
08-10 16:49:28.059 30117 30904 E AndroidRuntime: 	at java.util.concurrent.ThreadPoolExecutor.runWorker(ThreadPoolExecutor.java:1100)
08-10 16:49:28.059 30117 30904 E AndroidRuntime: 	at java.util.concurrent.ThreadPoolExecutor$Worker.run(ThreadPoolExecutor.java:624)
08-10 16:49:28.059 30117 30904 E AndroidRuntime: 	at java.lang.Thread.run(Thread.java:1572)
08-10 16:49:36.684 30980 31021 E AndroidRuntime: FATAL EXCEPTION: [com.google.android.gms.chimera.container.intentoperation.GmsIntentOperationChimeraService-Executor] idle
08-10 16:49:36.684 30980 31021 E AndroidRuntime: Process: com.google.android.gms, PID: 30980
08-10 16:49:36.684 30980 31021 E AndroidRuntime: java.lang.IllegalArgumentException: Invalid column photo_uri
08-10 16:49:36.684 30980 31021 E AndroidRuntime: 	at android.database.DatabaseUtils.readExceptionFromParcel(DatabaseUtils.java:207)
08-10 16:49:36.684 30980 31021 E AndroidRuntime: 	at android.database.DatabaseUtils.readExceptionFromParcel(DatabaseUtils.java:177)
08-10 16:49:36.684 30980 31021 E AndroidRuntime: 	at android.content.ContentProviderProxy.query(ContentProviderNative.java:497)
08-10 16:49:36.684 30980 31021 E AndroidRuntime: 	at android.content.ContentProviderClient.lambda$query$1(ContentProviderClient.java:370)
08-10 16:49:36.684 30980 31021 E AndroidRuntime: 	at android.content.ContentProviderClient.$r8$lambda$XM3tFPA55ljHDptsaCJsFKE9eeU(ContentProviderClient.java:0)
08-10 16:49:36.684 30980 31021 E AndroidRuntime: 	at android.content.ContentProviderClient$$ExternalSyntheticLambda5.apply(D8$$SyntheticClass:0)
08-10 16:49:36.684 30980 31021 E AndroidRuntime: 	at android.content.ContentProviderClient.execute(ContentProviderClient.java:779)
08-10 16:49:36.684 30980 31021 E AndroidRuntime: 	at android.content.ContentProviderClient.query(ContentProviderClient.java:369)
08-10 16:49:36.684 30980 31021 E AndroidRuntime: 	at android.content.ContentProviderClient.query(ContentProviderClient.java:360)
08-10 16:49:36.684 30980 31021 E AndroidRuntime: 	at android.content.ContentProviderClient.query(ContentProviderClient.java:350)
08-10 16:49:36.684 30980 31021 E AndroidRuntime: 	at fefz.b(:com.google.android.gms@262434035@26.24.34 (260400-938041327):88)
08-10 16:49:36.684 30980 31021 E AndroidRuntime: 	at com.google.android.gms.people.sync.focus.SyncHighResPhotoIntentOperation.onHandleIntent(:com.google.android.gms@262434035@26.24.34 (260400-938041327):51)
08-10 16:49:36.684 30980 31021 E AndroidRuntime: 	at com.google.android.chimera.IntentOperation.onHandleIntent(:com.google.android.gms@262434035@26.24.34 (260400-938041327):1)
08-10 16:49:36.684 30980 31021 E AndroidRuntime: 	at bemu.onHandleIntent(:com.google.android.gms@262434035@26.24.34 (260400-938041327):88)
08-10 16:49:36.684 30980 31021 E AndroidRuntime: 	at abkp.run(:com.google.android.gms@262434035@26.24.34 (260400-938041327):58)
08-10 16:49:36.684 30980 31021 E AndroidRuntime: 	at abko.run(:com.google.android.gms@262434035@26.24.34 (260400-938041327):132)
08-10 16:49:36.684 30980 31021 E AndroidRuntime: 	at hgwo.run(:com.google.android.gms@262434035@26.24.34 (260400-938041327):23)
08-10 16:49:36.684 30980 31021 E AndroidRuntime: 	at java.util.concurrent.ThreadPoolExecutor.runWorker(ThreadPoolExecutor.java:1100)
08-10 16:49:36.684 30980 31021 E AndroidRuntime: 	at java.util.concurrent.ThreadPoolExecutor$Worker.run(ThreadPoolExecutor.java:624)
08-10 16:49:36.684 30980 31021 E AndroidRuntime: 	at java.lang.Thread.run(Thread.java:1572)
08-10 16:59:33.000 31342 31442 E AndroidRuntime: FATAL EXCEPTION: [com.google.android.gms.chimera.container.intentoperation.GmsIntentOperationChimeraService-Executor] idle
08-10 16:59:33.000 31342 31442 E AndroidRuntime: Process: com.google.android.gms, PID: 31342
08-10 16:59:33.000 31342 31442 E AndroidRuntime: java.lang.IllegalArgumentException: Invalid column photo_uri
08-10 16:59:33.000 31342 31442 E AndroidRuntime: 	at android.database.DatabaseUtils.readExceptionFromParcel(DatabaseUtils.java:207)
08-10 16:59:33.000 31342 31442 E AndroidRuntime: 	at android.database.DatabaseUtils.readExceptionFromParcel(DatabaseUtils.java:177)
08-10 16:59:33.000 31342 31442 E AndroidRuntime: 	at android.content.ContentProviderProxy.query(ContentProviderNative.java:497)
08-10 16:59:33.000 31342 31442 E AndroidRuntime: 	at android.content.ContentProviderClient.lambda$query$1(ContentProviderClient.java:370)
08-10 16:59:33.000 31342 31442 E AndroidRuntime: 	at android.content.ContentProviderClient.$r8$lambda$XM3tFPA55ljHDptsaCJsFKE9eeU(ContentProviderClient.java:0)
08-10 16:59:33.000 31342 31442 E AndroidRuntime: 	at android.content.ContentProviderClient$$ExternalSyntheticLambda5.apply(D8$$SyntheticClass:0)
08-10 16:59:33.000 31342 31442 E AndroidRuntime: 	at android.content.ContentProviderClient.execute(ContentProviderClient.java:779)
08-10 16:59:33.000 31342 31442 E AndroidRuntime: 	at android.content.ContentProviderClient.query(ContentProviderClient.java:369)
08-10 16:59:33.000 31342 31442 E AndroidRuntime: 	at android.content.ContentProviderClient.query(ContentProviderClient.java:360)
08-10 16:59:33.000 31342 31442 E AndroidRuntime: 	at android.content.ContentProviderClient.query(ContentProviderClient.java:350)
08-10 16:59:33.000 31342 31442 E AndroidRuntime: 	at fefz.b(:com.google.android.gms@262434035@26.24.34 (260400-938041327):88)
08-10 16:59:33.000 31342 31442 E AndroidRuntime: 	at com.google.android.gms.people.sync.focus.SyncHighResPhotoIntentOperation.onHandleIntent(:com.google.android.gms@262434035@26.24.34 (260400-938041327):51)
08-10 16:59:33.000 31342 31442 E AndroidRuntime: 	at com.google.android.chimera.IntentOperation.onHandleIntent(:com.google.android.gms@262434035@26.24.34 (260400-938041327):1)
08-10 16:59:33.000 31342 31442 E AndroidRuntime: 	at bemu.onHandleIntent(:com.google.android.gms@262434035@26.24.34 (260400-938041327):88)
08-10 16:59:33.000 31342 31442 E AndroidRuntime: 	at abkp.run(:com.google.android.gms@262434035@26.24.34 (260400-938041327):58)
08-10 16:59:33.000 31342 31442 E AndroidRuntime: 	at abko.run(:com.google.android.gms@262434035@26.24.34 (260400-938041327):132)
08-10 16:59:33.000 31342 31442 E AndroidRuntime: 	at hgwo.run(:com.google.android.gms@262434035@26.24.34 (260400-938041327):23)
08-10 16:59:33.000 31342 31442 E AndroidRuntime: 	at java.util.concurrent.ThreadPoolExecutor.runWorker(ThreadPoolExecutor.java:1100)
08-10 16:59:33.000 31342 31442 E AndroidRuntime: 	at java.util.concurrent.ThreadPoolExecutor$Worker.run(ThreadPoolExecutor.java:624)
08-10 16:59:33.000 31342 31442 E AndroidRuntime: 	at java.lang.Thread.run(Thread.java:1572)
08-10 16:59:34.427 31461 31529 E AndroidRuntime: FATAL EXCEPTION: [com.google.android.gms.chimera.container.intentoperation.GmsIntentOperationChimeraService-Executor] idle
08-10 16:59:34.427 31461 31529 E AndroidRuntime: Process: com.google.android.gms, PID: 31461
08-10 16:59:34.427 31461 31529 E AndroidRuntime: java.lang.IllegalArgumentException: Invalid column photo_uri
08-10 16:59:34.427 31461 31529 E AndroidRuntime: 	at android.database.DatabaseUtils.readExceptionFromParcel(DatabaseUtils.java:207)
08-10 16:59:34.427 31461 31529 E AndroidRuntime: 	at android.database.DatabaseUtils.readExceptionFromParcel(DatabaseUtils.java:177)
08-10 16:59:34.427 31461 31529 E AndroidRuntime: 	at android.content.ContentProviderProxy.query(ContentProviderNative.java:497)
08-10 16:59:34.427 31461 31529 E AndroidRuntime: 	at android.content.ContentProviderClient.lambda$query$1(ContentProviderClient.java:370)
08-10 16:59:34.427 31461 31529 E AndroidRuntime: 	at android.content.ContentProviderClient.$r8$lambda$XM3tFPA55ljHDptsaCJsFKE9eeU(ContentProviderClient.java:0)
08-10 16:59:34.427 31461 31529 E AndroidRuntime: 	at android.content.ContentProviderClient$$ExternalSyntheticLambda5.apply(D8$$SyntheticClass:0)
08-10 16:59:34.427 31461 31529 E AndroidRuntime: 	at android.content.ContentProviderClient.execute(ContentProviderClient.java:779)
08-10 16:59:34.427 31461 31529 E AndroidRuntime: 	at android.content.ContentProviderClient.query(ContentProviderClient.java:369)
08-10 16:59:34.427 31461 31529 E AndroidRuntime: 	at android.content.ContentProviderClient.query(ContentProviderClient.java:360)
08-10 16:59:34.427 31461 31529 E AndroidRuntime: 	at android.content.ContentProviderClient.query(ContentProviderClient.java:350)
08-10 16:59:34.427 31461 31529 E AndroidRuntime: 	at fefz.b(:com.google.android.gms@262434035@26.24.34 (260400-938041327):88)
08-10 16:59:34.427 31461 31529 E AndroidRuntime: 	at com.google.android.gms.people.sync.focus.SyncHighResPhotoIntentOperation.onHandleIntent(:com.google.android.gms@262434035@26.24.34 (260400-938041327):51)
08-10 16:59:34.427 31461 31529 E AndroidRuntime: 	at com.google.android.chimera.IntentOperation.onHandleIntent(:com.google.android.gms@262434035@26.24.34 (260400-938041327):1)
08-10 16:59:34.427 31461 31529 E AndroidRuntime: 	at bemu.onHandleIntent(:com.google.android.gms@262434035@26.24.34 (260400-938041327):88)
08-10 16:59:34.427 31461 31529 E AndroidRuntime: 	at abkp.run(:com.google.android.gms@262434035@26.24.34 (260400-938041327):58)
08-10 16:59:34.427 31461 31529 E AndroidRuntime: 	at abko.run(:com.google.android.gms@262434035@26.24.34 (260400-938041327):132)
08-10 16:59:34.427 31461 31529 E AndroidRuntime: 	at hgwo.run(:com.google.android.gms@262434035@26.24.34 (260400-938041327):23)
08-10 16:59:34.427 31461 31529 E AndroidRuntime: 	at java.util.concurrent.ThreadPoolExecutor.runWorker(ThreadPoolExecutor.java:1100)
08-10 16:59:34.427 31461 31529 E AndroidRuntime: 	at java.util.concurrent.ThreadPoolExecutor$Worker.run(ThreadPoolExecutor.java:624)
08-10 16:59:34.427 31461 31529 E AndroidRuntime: 	at java.lang.Thread.run(Thread.java:1572)
08-10 17:21:05.521  4018  4058 E AndroidRuntime: FATAL EXCEPTION: [com.google.android.gms.chimera.container.intentoperation.GmsIntentOperationChimeraService-Executor] idle
08-10 17:21:05.521  4018  4058 E AndroidRuntime: Process: com.google.android.gms, PID: 4018
08-10 17:21:05.521  4018  4058 E AndroidRuntime: java.lang.IllegalArgumentException: Invalid column photo_uri
08-10 17:21:05.521  4018  4058 E AndroidRuntime: 	at android.database.DatabaseUtils.readExceptionFromParcel(DatabaseUtils.java:207)
08-10 17:21:05.521  4018  4058 E AndroidRuntime: 	at android.database.DatabaseUtils.readExceptionFromParcel(DatabaseUtils.java:177)
08-10 17:21:05.521  4018  4058 E AndroidRuntime: 	at android.content.ContentProviderProxy.query(ContentProviderNative.java:497)
08-10 17:21:05.521  4018  4058 E AndroidRuntime: 	at android.content.ContentProviderClient.lambda$query$1(ContentProviderClient.java:370)
08-10 17:21:05.521  4018  4058 E AndroidRuntime: 	at android.content.ContentProviderClient.$r8$lambda$XM3tFPA55ljHDptsaCJsFKE9eeU(ContentProviderClient.java:0)
08-10 17:21:05.521  4018  4058 E AndroidRuntime: 	at android.content.ContentProviderClient$$ExternalSyntheticLambda5.apply(D8$$SyntheticClass:0)
08-10 17:21:05.521  4018  4058 E AndroidRuntime: 	at android.content.ContentProviderClient.execute(ContentProviderClient.java:779)
08-10 17:21:05.521  4018  4058 E AndroidRuntime: 	at android.content.ContentProviderClient.query(ContentProviderClient.java:369)
08-10 17:21:05.521  4018  4058 E AndroidRuntime: 	at android.content.ContentProviderClient.query(ContentProviderClient.java:360)
08-10 17:21:05.521  4018  4058 E AndroidRuntime: 	at android.content.ContentProviderClient.query(ContentProviderClient.java:350)
08-10 17:21:05.521  4018  4058 E AndroidRuntime: 	at fefz.b(:com.google.android.gms@262434035@26.24.34 (260400-938041327):88)
08-10 17:21:05.521  4018  4058 E AndroidRuntime: 	at com.google.android.gms.people.sync.focus.SyncHighResPhotoIntentOperation.onHandleIntent(:com.google.android.gms@262434035@26.24.34 (260400-938041327):51)
08-10 17:21:05.521  4018  4058 E AndroidRuntime: 	at com.google.android.chimera.IntentOperation.onHandleIntent(:com.google.android.gms@262434035@26.24.34 (260400-938041327):1)
08-10 17:21:05.521  4018  4058 E AndroidRuntime: 	at bemu.onHandleIntent(:com.google.android.gms@262434035@26.24.34 (260400-938041327):88)
08-10 17:21:05.521  4018  4058 E AndroidRuntime: 	at abkp.run(:com.google.android.gms@262434035@26.24.34 (260400-938041327):58)
08-10 17:21:05.521  4018  4058 E AndroidRuntime: 	at abko.run(:com.google.android.gms@262434035@26.24.34 (260400-938041327):132)
08-10 17:21:05.521  4018  4058 E AndroidRuntime: 	at hgwo.run(:com.google.android.gms@262434035@26.24.34 (260400-938041327):23)
08-10 17:21:05.521  4018  4058 E AndroidRuntime: 	at java.util.concurrent.ThreadPoolExecutor.runWorker(ThreadPoolExecutor.java:1100)
08-10 17:21:05.521  4018  4058 E AndroidRuntime: 	at java.util.concurrent.ThreadPoolExecutor$Worker.run(ThreadPoolExecutor.java:624)
08-10 17:21:05.521  4018  4058 E AndroidRuntime: 	at java.lang.Thread.run(Thread.java:1572)
08-10 17:21:06.698  4113  4161 E AndroidRuntime: FATAL EXCEPTION: [com.google.android.gms.chimera.container.intentoperation.GmsIntentOperationChimeraService-Executor] idle
08-10 17:21:06.698  4113  4161 E AndroidRuntime: Process: com.google.android.gms, PID: 4113
08-10 17:21:06.698  4113  4161 E AndroidRuntime: java.lang.IllegalArgumentException: Invalid column photo_uri
08-10 17:21:06.698  4113  4161 E AndroidRuntime: 	at android.database.DatabaseUtils.readExceptionFromParcel(DatabaseUtils.java:207)
08-10 17:21:06.698  4113  4161 E AndroidRuntime: 	at android.database.DatabaseUtils.readExceptionFromParcel(DatabaseUtils.java:177)
08-10 17:21:06.698  4113  4161 E AndroidRuntime: 	at android.content.ContentProviderProxy.query(ContentProviderNative.java:497)
08-10 17:21:06.698  4113  4161 E AndroidRuntime: 	at android.content.ContentProviderClient.lambda$query$1(ContentProviderClient.java:370)
08-10 17:21:06.698  4113  4161 E AndroidRuntime: 	at android.content.ContentProviderClient.$r8$lambda$XM3tFPA55ljHDptsaCJsFKE9eeU(ContentProviderClient.java:0)
08-10 17:21:06.698  4113  4161 E AndroidRuntime: 	at android.content.ContentProviderClient$$ExternalSyntheticLambda5.apply(D8$$SyntheticClass:0)
08-10 17:21:06.698  4113  4161 E AndroidRuntime: 	at android.content.ContentProviderClient.execute(ContentProviderClient.java:779)
08-10 17:21:06.698  4113  4161 E AndroidRuntime: 	at android.content.ContentProviderClient.query(ContentProviderClient.java:369)
08-10 17:21:06.698  4113  4161 E AndroidRuntime: 	at android.content.ContentProviderClient.query(ContentProviderClient.java:360)
08-10 17:21:06.698  4113  4161 E AndroidRuntime: 	at android.content.ContentProviderClient.query(ContentProviderClient.java:350)
08-10 17:21:06.698  4113  4161 E AndroidRuntime: 	at fefz.b(:com.google.android.gms@262434035@26.24.34 (260400-938041327):88)
08-10 17:21:06.698  4113  4161 E AndroidRuntime: 	at com.google.android.gms.people.sync.focus.SyncHighResPhotoIntentOperation.onHandleIntent(:com.google.android.gms@262434035@26.24.34 (260400-938041327):51)
08-10 17:21:06.698  4113  4161 E AndroidRuntime: 	at com.google.android.chimera.IntentOperation.onHandleIntent(:com.google.android.gms@262434035@26.24.34 (260400-938041327):1)
08-10 17:21:06.698  4113  4161 E AndroidRuntime: 	at bemu.onHandleIntent(:com.google.android.gms@262434035@26.24.34 (260400-938041327):88)
08-10 17:21:06.698  4113  4161 E AndroidRuntime: 	at abkp.run(:com.google.android.gms@262434035@26.24.34 (260400-938041327):58)
08-10 17:21:06.698  4113  4161 E AndroidRuntime: 	at abko.run(:com.google.android.gms@262434035@26.24.34 (260400-938041327):132)
08-10 17:21:06.698  4113  4161 E AndroidRuntime: 	at hgwo.run(:com.google.android.gms@262434035@26.24.34 (260400-938041327):23)
08-10 17:21:06.698  4113  4161 E AndroidRuntime: 	at java.util.concurrent.ThreadPoolExecutor.runWorker(ThreadPoolExecutor.java:1100)
08-10 17:21:06.698  4113  4161 E AndroidRuntime: 	at java.util.concurrent.ThreadPoolExecutor$Worker.run(ThreadPoolExecutor.java:624)
08-10 17:21:06.698  4113  4161 E AndroidRuntime: 	at java.lang.Thread.run(Thread.java:1572)
08-10 17:21:11.598  4186  4226 E AndroidRuntime: FATAL EXCEPTION: [com.google.android.gms.chimera.container.intentoperation.GmsIntentOperationChimeraService-Executor] idle
08-10 17:21:11.598  4186  4226 E AndroidRuntime: Process: com.google.android.gms, PID: 4186
08-10 17:21:11.598  4186  4226 E AndroidRuntime: java.lang.IllegalArgumentException: Invalid column photo_uri
08-10 17:21:11.598  4186  4226 E AndroidRuntime: 	at android.database.DatabaseUtils.readExceptionFromParcel(DatabaseUtils.java:207)
08-10 17:21:11.598  4186  4226 E AndroidRuntime: 	at android.database.DatabaseUtils.readExceptionFromParcel(DatabaseUtils.java:177)
08-10 17:21:11.598  4186  4226 E AndroidRuntime: 	at android.content.ContentProviderProxy.query(ContentProviderNative.java:497)
08-10 17:21:11.598  4186  4226 E AndroidRuntime: 	at android.content.ContentProviderClient.lambda$query$1(ContentProviderClient.java:370)
08-10 17:21:11.598  4186  4226 E AndroidRuntime: 	at android.content.ContentProviderClient.$r8$lambda$XM3tFPA55ljHDptsaCJsFKE9eeU(ContentProviderClient.java:0)
08-10 17:21:11.598  4186  4226 E AndroidRuntime: 	at android.content.ContentProviderClient$$ExternalSyntheticLambda5.apply(D8$$SyntheticClass:0)
08-10 17:21:11.598  4186  4226 E AndroidRuntime: 	at android.content.ContentProviderClient.execute(ContentProviderClient.java:779)
08-10 17:21:11.598  4186  4226 E AndroidRuntime: 	at android.content.ContentProviderClient.query(ContentProviderClient.java:369)
08-10 17:21:11.598  4186  4226 E AndroidRuntime: 	at android.content.ContentProviderClient.query(ContentProviderClient.java:360)
08-10 17:21:11.598  4186  4226 E AndroidRuntime: 	at android.content.ContentProviderClient.query(ContentProviderClient.java:350)
08-10 17:21:11.598  4186  4226 E AndroidRuntime: 	at fefz.b(:com.google.android.gms@262434035@26.24.34 (260400-938041327):88)
08-10 17:21:11.598  4186  4226 E AndroidRuntime: 	at com.google.android.gms.people.sync.focus.SyncHighResPhotoIntentOperation.onHandleIntent(:com.google.android.gms@262434035@26.24.34 (260400-938041327):51)
08-10 17:21:11.598  4186  4226 E AndroidRuntime: 	at com.google.android.chimera.IntentOperation.onHandleIntent(:com.google.android.gms@262434035@26.24.34 (260400-938041327):1)
08-10 17:21:11.598  4186  4226 E AndroidRuntime: 	at bemu.onHandleIntent(:com.google.android.gms@262434035@26.24.34 (260400-938041327):88)
08-10 17:21:11.598  4186  4226 E AndroidRuntime: 	at abkp.run(:com.google.android.gms@262434035@26.24.34 (260400-938041327):58)
08-10 17:21:11.598  4186  4226 E AndroidRuntime: 	at abko.run(:com.google.android.gms@262434035@26.24.34 (260400-938041327):132)
08-10 17:21:11.598  4186  4226 E AndroidRuntime: 	at hgwo.run(:com.google.android.gms@262434035@26.24.34 (260400-938041327):23)
08-10 17:21:11.598  4186  4226 E AndroidRuntime: 	at java.util.concurrent.ThreadPoolExecutor.runWorker(ThreadPoolExecutor.java:1100)
08-10 17:21:11.598  4186  4226 E AndroidRuntime: 	at java.util.concurrent.ThreadPoolExecutor$Worker.run(ThreadPoolExecutor.java:624)
08-10 17:21:11.598  4186  4226 E AndroidRuntime: 	at java.lang.Thread.run(Thread.java:1572)
08-10 19:18:47.876  9423 25207 E AndroidRuntime: FATAL EXCEPTION: [com.google.android.gms.chimera.container.intentoperation.GmsIntentOperationChimeraService-Executor] idle
08-10 19:18:47.876  9423 25207 E AndroidRuntime: Process: com.google.android.gms, PID: 9423
08-10 19:18:47.876  9423 25207 E AndroidRuntime: java.lang.IllegalArgumentException: Invalid column photo_uri
08-10 19:18:47.876  9423 25207 E AndroidRuntime: 	at android.database.DatabaseUtils.readExceptionFromParcel(DatabaseUtils.java:207)
08-10 19:18:47.876  9423 25207 E AndroidRuntime: 	at android.database.DatabaseUtils.readExceptionFromParcel(DatabaseUtils.java:177)
08-10 19:18:47.876  9423 25207 E AndroidRuntime: 	at android.content.ContentProviderProxy.query(ContentProviderNative.java:497)
08-10 19:18:47.876  9423 25207 E AndroidRuntime: 	at android.content.ContentProviderClient.lambda$query$1(ContentProviderClient.java:370)
08-10 19:18:47.876  9423 25207 E AndroidRuntime: 	at android.content.ContentProviderClient.$r8$lambda$XM3tFPA55ljHDptsaCJsFKE9eeU(ContentProviderClient.java:0)
08-10 19:18:47.876  9423 25207 E AndroidRuntime: 	at android.content.ContentProviderClient$$ExternalSyntheticLambda5.apply(D8$$SyntheticClass:0)
08-10 19:18:47.876  9423 25207 E AndroidRuntime: 	at android.content.ContentProviderClient.execute(ContentProviderClient.java:779)
08-10 19:18:47.876  9423 25207 E AndroidRuntime: 	at android.content.ContentProviderClient.query(ContentProviderClient.java:369)
08-10 19:18:47.876  9423 25207 E AndroidRuntime: 	at android.content.ContentProviderClient.query(ContentProviderClient.java:360)
08-10 19:18:47.876  9423 25207 E AndroidRuntime: 	at android.content.ContentProviderClient.query(ContentProviderClient.java:350)
08-10 19:18:47.876  9423 25207 E AndroidRuntime: 	at fefz.b(:com.google.android.gms@262434035@26.24.34 (260400-938041327):88)
08-10 19:18:47.876  9423 25207 E AndroidRuntime: 	at com.google.android.gms.people.sync.focus.SyncHighResPhotoIntentOperation.onHandleIntent(:com.google.android.gms@262434035@26.24.34 (260400-938041327):51)
08-10 19:18:47.876  9423 25207 E AndroidRuntime: 	at com.google.android.chimera.IntentOperation.onHandleIntent(:com.google.android.gms@262434035@26.24.34 (260400-938041327):1)
08-10 19:18:47.876  9423 25207 E AndroidRuntime: 	at bemu.onHandleIntent(:com.google.android.gms@262434035@26.24.34 (260400-938041327):88)
08-10 19:18:47.876  9423 25207 E AndroidRuntime: 	at abkp.run(:com.google.android.gms@262434035@26.24.34 (260400-938041327):58)
08-10 19:18:47.876  9423 25207 E AndroidRuntime: 	at abko.run(:com.google.android.gms@262434035@26.24.34 (260400-938041327):132)
08-10 19:18:47.876  9423 25207 E AndroidRuntime: 	at hgwo.run(:com.google.android.gms@262434035@26.24.34 (260400-938041327):23)
08-10 19:18:47.876  9423 25207 E AndroidRuntime: 	at java.util.concurrent.ThreadPoolExecutor.runWorker(ThreadPoolExecutor.java:1100)
08-10 19:18:47.876  9423 25207 E AndroidRuntime: 	at java.util.concurrent.ThreadPoolExecutor$Worker.run(ThreadPoolExecutor.java:624)
08-10 19:18:47.876  9423 25207 E AndroidRuntime: 	at java.lang.Thread.run(Thread.java:1572)
08-10 19:18:51.368 25298 25366 E AndroidRuntime: FATAL EXCEPTION: [com.google.android.gms.chimera.container.intentoperation.GmsIntentOperationChimeraService-Executor] idle
08-10 19:18:51.368 25298 25366 E AndroidRuntime: Process: com.google.android.gms, PID: 25298
08-10 19:18:51.368 25298 25366 E AndroidRuntime: java.lang.IllegalArgumentException: Invalid column photo_uri
08-10 19:18:51.368 25298 25366 E AndroidRuntime: 	at android.database.DatabaseUtils.readExceptionFromParcel(DatabaseUtils.java:207)
08-10 19:18:51.368 25298 25366 E AndroidRuntime: 	at android.database.DatabaseUtils.readExceptionFromParcel(DatabaseUtils.java:177)
08-10 19:18:51.368 25298 25366 E AndroidRuntime: 	at android.content.ContentProviderProxy.query(ContentProviderNative.java:497)
08-10 19:18:51.368 25298 25366 E AndroidRuntime: 	at android.content.ContentProviderClient.lambda$query$1(ContentProviderClient.java:370)
08-10 19:18:51.368 25298 25366 E AndroidRuntime: 	at android.content.ContentProviderClient.$r8$lambda$XM3tFPA55ljHDptsaCJsFKE9eeU(ContentProviderClient.java:0)
08-10 19:18:51.368 25298 25366 E AndroidRuntime: 	at android.content.ContentProviderClient$$ExternalSyntheticLambda5.apply(D8$$SyntheticClass:0)
08-10 19:18:51.368 25298 25366 E AndroidRuntime: 	at android.content.ContentProviderClient.execute(ContentProviderClient.java:779)
08-10 19:18:51.368 25298 25366 E AndroidRuntime: 	at android.content.ContentProviderClient.query(ContentProviderClient.java:369)
08-10 19:18:51.368 25298 25366 E AndroidRuntime: 	at android.content.ContentProviderClient.query(ContentProviderClient.java:360)
08-10 19:18:51.368 25298 25366 E AndroidRuntime: 	at android.content.ContentProviderClient.query(ContentProviderClient.java:350)
08-10 19:18:51.368 25298 25366 E AndroidRuntime: 	at fefz.b(:com.google.android.gms@262434035@26.24.34 (260400-938041327):88)
08-10 19:18:51.368 25298 25366 E AndroidRuntime: 	at com.google.android.gms.people.sync.focus.SyncHighResPhotoIntentOperation.onHandleIntent(:com.google.android.gms@262434035@26.24.34 (260400-938041327):51)
08-10 19:18:51.368 25298 25366 E AndroidRuntime: 	at com.google.android.chimera.IntentOperation.onHandleIntent(:com.google.android.gms@262434035@26.24.34 (260400-938041327):1)
08-10 19:18:51.368 25298 25366 E AndroidRuntime: 	at bemu.onHandleIntent(:com.google.android.gms@262434035@26.24.34 (260400-938041327):88)
08-10 19:18:51.368 25298 25366 E AndroidRuntime: 	at abkp.run(:com.google.android.gms@262434035@26.24.34 (260400-938041327):58)
08-10 19:18:51.368 25298 25366 E AndroidRuntime: 	at abko.run(:com.google.android.gms@262434035@26.24.34 (260400-938041327):132)
08-10 19:18:51.368 25298 25366 E AndroidRuntime: 	at hgwo.run(:com.google.android.gms@262434035@26.24.34 (260400-938041327):23)
08-10 19:18:51.368 25298 25366 E AndroidRuntime: 	at java.util.concurrent.ThreadPoolExecutor.runWorker(ThreadPoolExecutor.java:1100)
08-10 19:18:51.368 25298 25366 E AndroidRuntime: 	at java.util.concurrent.ThreadPoolExecutor$Worker.run(ThreadPoolExecutor.java:624)
08-10 19:18:51.368 25298 25366 E AndroidRuntime: 	at java.lang.Thread.run(Thread.java:1572)
08-10 19:27:00.919 25392 28565 E AndroidRuntime: FATAL EXCEPTION: [com.google.android.gms.chimera.container.intentoperation.GmsIntentOperationChimeraService-Executor] idle
08-10 19:27:00.919 25392 28565 E AndroidRuntime: Process: com.google.android.gms, PID: 25392
08-10 19:27:00.919 25392 28565 E AndroidRuntime: java.lang.IllegalArgumentException: Invalid column photo_uri
08-10 19:27:00.919 25392 28565 E AndroidRuntime: 	at android.database.DatabaseUtils.readExceptionFromParcel(DatabaseUtils.java:207)
08-10 19:27:00.919 25392 28565 E AndroidRuntime: 	at android.database.DatabaseUtils.readExceptionFromParcel(DatabaseUtils.java:177)
08-10 19:27:00.919 25392 28565 E AndroidRuntime: 	at android.content.ContentProviderProxy.query(ContentProviderNative.java:497)
08-10 19:27:00.919 25392 28565 E AndroidRuntime: 	at android.content.ContentProviderClient.lambda$query$1(ContentProviderClient.java:370)
08-10 19:27:00.919 25392 28565 E AndroidRuntime: 	at android.content.ContentProviderClient.$r8$lambda$XM3tFPA55ljHDptsaCJsFKE9eeU(ContentProviderClient.java:0)
08-10 19:27:00.919 25392 28565 E AndroidRuntime: 	at android.content.ContentProviderClient$$ExternalSyntheticLambda5.apply(D8$$SyntheticClass:0)
08-10 19:27:00.919 25392 28565 E AndroidRuntime: 	at android.content.ContentProviderClient.execute(ContentProviderClient.java:779)
08-10 19:27:00.919 25392 28565 E AndroidRuntime: 	at android.content.ContentProviderClient.query(ContentProviderClient.java:369)
08-10 19:27:00.919 25392 28565 E AndroidRuntime: 	at android.content.ContentProviderClient.query(ContentProviderClient.java:360)
08-10 19:27:00.919 25392 28565 E AndroidRuntime: 	at android.content.ContentProviderClient.query(ContentProviderClient.java:350)
08-10 19:27:00.919 25392 28565 E AndroidRuntime: 	at fefz.b(:com.google.android.gms@262434035@26.24.34 (260400-938041327):88)
08-10 19:27:00.919 25392 28565 E AndroidRuntime: 	at com.google.android.gms.people.sync.focus.SyncHighResPhotoIntentOperation.onHandleIntent(:com.google.android.gms@262434035@26.24.34 (260400-938041327):51)
08-10 19:27:00.919 25392 28565 E AndroidRuntime: 	at com.google.android.chimera.IntentOperation.onHandleIntent(:com.google.android.gms@262434035@26.24.34 (260400-938041327):1)
08-10 19:27:00.919 25392 28565 E AndroidRuntime: 	at bemu.onHandleIntent(:com.google.android.gms@262434035@26.24.34 (260400-938041327):88)
08-10 19:27:00.919 25392 28565 E AndroidRuntime: 	at abkp.run(:com.google.android.gms@262434035@26.24.34 (260400-938041327):58)
08-10 19:27:00.919 25392 28565 E AndroidRuntime: 	at abko.run(:com.google.android.gms@262434035@26.24.34 (260400-938041327):132)
08-10 19:27:00.919 25392 28565 E AndroidRuntime: 	at hgwo.run(:com.google.android.gms@262434035@26.24.34 (260400-938041327):23)
08-10 19:27:00.919 25392 28565 E AndroidRuntime: 	at java.util.concurrent.ThreadPoolExecutor.runWorker(ThreadPoolExecutor.java:1100)
08-10 19:27:00.919 25392 28565 E AndroidRuntime: 	at java.util.concurrent.ThreadPoolExecutor$Worker.run(ThreadPoolExecutor.java:624)
08-10 19:27:00.919 25392 28565 E AndroidRuntime: 	at java.lang.Thread.run(Thread.java:1572)
08-10 19:40:40.615 29757 29877 E AndroidRuntime: FATAL EXCEPTION: [com.google.android.gms.chimera.container.intentoperation.GmsIntentOperationChimeraService-Executor] idle
08-10 19:40:40.615 29757 29877 E AndroidRuntime: Process: com.google.android.gms, PID: 29757
08-10 19:40:40.615 29757 29877 E AndroidRuntime: java.lang.IllegalArgumentException: Invalid column photo_uri
08-10 19:40:40.615 29757 29877 E AndroidRuntime: 	at android.database.DatabaseUtils.readExceptionFromParcel(DatabaseUtils.java:207)
08-10 19:40:40.615 29757 29877 E AndroidRuntime: 	at android.database.DatabaseUtils.readExceptionFromParcel(DatabaseUtils.java:177)
08-10 19:40:40.615 29757 29877 E AndroidRuntime: 	at android.content.ContentProviderProxy.query(ContentProviderNative.java:497)
08-10 19:40:40.615 29757 29877 E AndroidRuntime: 	at android.content.ContentProviderClient.lambda$query$1(ContentProviderClient.java:370)
08-10 19:40:40.615 29757 29877 E AndroidRuntime: 	at android.content.ContentProviderClient.$r8$lambda$XM3tFPA55ljHDptsaCJsFKE9eeU(ContentProviderClient.java:0)
08-10 19:40:40.615 29757 29877 E AndroidRuntime: 	at android.content.ContentProviderClient$$ExternalSyntheticLambda5.apply(D8$$SyntheticClass:0)
08-10 19:40:40.615 29757 29877 E AndroidRuntime: 	at android.content.ContentProviderClient.execute(ContentProviderClient.java:779)
08-10 19:40:40.615 29757 29877 E AndroidRuntime: 	at android.content.ContentProviderClient.query(ContentProviderClient.java:369)
08-10 19:40:40.615 29757 29877 E AndroidRuntime: 	at android.content.ContentProviderClient.query(ContentProviderClient.java:360)
08-10 19:40:40.615 29757 29877 E AndroidRuntime: 	at android.content.ContentProviderClient.query(ContentProviderClient.java:350)
08-10 19:40:40.615 29757 29877 E AndroidRuntime: 	at fefz.b(:com.google.android.gms@262434035@26.24.34 (260400-938041327):88)
08-10 19:40:40.615 29757 29877 E AndroidRuntime: 	at com.google.android.gms.people.sync.focus.SyncHighResPhotoIntentOperation.onHandleIntent(:com.google.android.gms@262434035@26.24.34 (260400-938041327):51)
08-10 19:40:40.615 29757 29877 E AndroidRuntime: 	at com.google.android.chimera.IntentOperation.onHandleIntent(:com.google.android.gms@262434035@26.24.34 (260400-938041327):1)
08-10 19:40:40.615 29757 29877 E AndroidRuntime: 	at bemu.onHandleIntent(:com.google.android.gms@262434035@26.24.34 (260400-938041327):88)
08-10 19:40:40.615 29757 29877 E AndroidRuntime: 	at abkp.run(:com.google.android.gms@262434035@26.24.34 (260400-938041327):58)
08-10 19:40:40.615 29757 29877 E AndroidRuntime: 	at abko.run(:com.google.android.gms@262434035@26.24.34 (260400-938041327):132)
08-10 19:40:40.615 29757 29877 E AndroidRuntime: 	at hgwo.run(:com.google.android.gms@262434035@26.24.34 (260400-938041327):23)
08-10 19:40:40.615 29757 29877 E AndroidRuntime: 	at java.util.concurrent.ThreadPoolExecutor.runWorker(ThreadPoolExecutor.java:1100)
08-10 19:40:40.615 29757 29877 E AndroidRuntime: 	at java.util.concurrent.ThreadPoolExecutor$Worker.run(ThreadPoolExecutor.java:624)
08-10 19:40:40.615 29757 29877 E AndroidRuntime: 	at java.lang.Thread.run(Thread.java:1572)
08-10 19:40:43.130 29895 29932 E AndroidRuntime: FATAL EXCEPTION: [com.google.android.gms.chimera.container.intentoperation.GmsIntentOperationChimeraService-Executor] idle
08-10 19:40:43.130 29895 29932 E AndroidRuntime: Process: com.google.android.gms, PID: 29895
08-10 19:40:43.130 29895 29932 E AndroidRuntime: java.lang.IllegalArgumentException: Invalid column photo_uri
08-10 19:40:43.130 29895 29932 E AndroidRuntime: 	at android.database.DatabaseUtils.readExceptionFromParcel(DatabaseUtils.java:207)
08-10 19:40:43.130 29895 29932 E AndroidRuntime: 	at android.database.DatabaseUtils.readExceptionFromParcel(DatabaseUtils.java:177)
08-10 19:40:43.130 29895 29932 E AndroidRuntime: 	at android.content.ContentProviderProxy.query(ContentProviderNative.java:497)
08-10 19:40:43.130 29895 29932 E AndroidRuntime: 	at android.content.ContentProviderClient.lambda$query$1(ContentProviderClient.java:370)
08-10 19:40:43.130 29895 29932 E AndroidRuntime: 	at android.content.ContentProviderClient.$r8$lambda$XM3tFPA55ljHDptsaCJsFKE9eeU(ContentProviderClient.java:0)
08-10 19:40:43.130 29895 29932 E AndroidRuntime: 	at android.content.ContentProviderClient$$ExternalSyntheticLambda5.apply(D8$$SyntheticClass:0)
08-10 19:40:43.130 29895 29932 E AndroidRuntime: 	at android.content.ContentProviderClient.execute(ContentProviderClient.java:779)
08-10 19:40:43.130 29895 29932 E AndroidRuntime: 	at android.content.ContentProviderClient.query(ContentProviderClient.java:369)
08-10 19:40:43.130 29895 29932 E AndroidRuntime: 	at android.content.ContentProviderClient.query(ContentProviderClient.java:360)
08-10 19:40:43.130 29895 29932 E AndroidRuntime: 	at android.content.ContentProviderClient.query(ContentProviderClient.java:350)
08-10 19:40:43.130 29895 29932 E AndroidRuntime: 	at fefz.b(:com.google.android.gms@262434035@26.24.34 (260400-938041327):88)
08-10 19:40:43.130 29895 29932 E AndroidRuntime: 	at com.google.android.gms.people.sync.focus.SyncHighResPhotoIntentOperation.onHandleIntent(:com.google.android.gms@262434035@26.24.34 (260400-938041327):51)
08-10 19:40:43.130 29895 29932 E AndroidRuntime: 	at com.google.android.chimera.IntentOperation.onHandleIntent(:com.google.android.gms@262434035@26.24.34 (260400-938041327):1)
08-10 19:40:43.130 29895 29932 E AndroidRuntime: 	at bemu.onHandleIntent(:com.google.android.gms@262434035@26.24.34 (260400-938041327):88)
08-10 19:40:43.130 29895 29932 E AndroidRuntime: 	at abkp.run(:com.google.android.gms@262434035@26.24.34 (260400-938041327):58)
08-10 19:40:43.130 29895 29932 E AndroidRuntime: 	at abko.run(:com.google.android.gms@262434035@26.24.34 (260400-938041327):132)
08-10 19:40:43.130 29895 29932 E AndroidRuntime: 	at hgwo.run(:com.google.android.gms@262434035@26.24.34 (260400-938041327):23)
08-10 19:40:43.130 29895 29932 E AndroidRuntime: 	at java.util.concurrent.ThreadPoolExecutor.runWorker(ThreadPoolExecutor.java:1100)
08-10 19:40:43.130 29895 29932 E AndroidRuntime: 	at java.util.concurrent.ThreadPoolExecutor$Worker.run(ThreadPoolExecutor.java:624)
08-10 19:40:43.130 29895 29932 E AndroidRuntime: 	at java.lang.Thread.run(Thread.java:1572)
08-10 19:42:12.067 29985 30026 E AndroidRuntime: FATAL EXCEPTION: [com.google.android.gms.chimera.container.intentoperation.GmsIntentOperationChimeraService-Executor] idle
08-10 19:42:12.067 29985 30026 E AndroidRuntime: Process: com.google.android.gms, PID: 29985
08-10 19:42:12.067 29985 30026 E AndroidRuntime: java.lang.IllegalArgumentException: Invalid column photo_uri
08-10 19:42:12.067 29985 30026 E AndroidRuntime: 	at android.database.DatabaseUtils.readExceptionFromParcel(DatabaseUtils.java:207)
08-10 19:42:12.067 29985 30026 E AndroidRuntime: 	at android.database.DatabaseUtils.readExceptionFromParcel(DatabaseUtils.java:177)
08-10 19:42:12.067 29985 30026 E AndroidRuntime: 	at android.content.ContentProviderProxy.query(ContentProviderNative.java:497)
08-10 19:42:12.067 29985 30026 E AndroidRuntime: 	at android.content.ContentProviderClient.lambda$query$1(ContentProviderClient.java:370)
08-10 19:42:12.067 29985 30026 E AndroidRuntime: 	at android.content.ContentProviderClient.$r8$lambda$XM3tFPA55ljHDptsaCJsFKE9eeU(ContentProviderClient.java:0)
08-10 19:42:12.067 29985 30026 E AndroidRuntime: 	at android.content.ContentProviderClient$$ExternalSyntheticLambda5.apply(D8$$SyntheticClass:0)
08-10 19:42:12.067 29985 30026 E AndroidRuntime: 	at android.content.ContentProviderClient.execute(ContentProviderClient.java:779)
08-10 19:42:12.067 29985 30026 E AndroidRuntime: 	at android.content.ContentProviderClient.query(ContentProviderClient.java:369)
08-10 19:42:12.067 29985 30026 E AndroidRuntime: 	at android.content.ContentProviderClient.query(ContentProviderClient.java:360)
08-10 19:42:12.067 29985 30026 E AndroidRuntime: 	at android.content.ContentProviderClient.query(ContentProviderClient.java:350)
08-10 19:42:12.067 29985 30026 E AndroidRuntime: 	at fefz.b(:com.google.android.gms@262434035@26.24.34 (260400-938041327):88)
08-10 19:42:12.067 29985 30026 E AndroidRuntime: 	at com.google.android.gms.people.sync.focus.SyncHighResPhotoIntentOperation.onHandleIntent(:com.google.android.gms@262434035@26.24.34 (260400-938041327):51)
08-10 19:42:12.067 29985 30026 E AndroidRuntime: 	at com.google.android.chimera.IntentOperation.onHandleIntent(:com.google.android.gms@262434035@26.24.34 (260400-938041327):1)
08-10 19:42:12.067 29985 30026 E AndroidRuntime: 	at bemu.onHandleIntent(:com.google.android.gms@262434035@26.24.34 (260400-938041327):88)
08-10 19:42:12.067 29985 30026 E AndroidRuntime: 	at abkp.run(:com.google.android.gms@262434035@26.24.34 (260400-938041327):58)
08-10 19:42:12.067 29985 30026 E AndroidRuntime: 	at abko.run(:com.google.android.gms@262434035@26.24.34 (260400-938041327):132)
08-10 19:42:12.067 29985 30026 E AndroidRuntime: 	at hgwo.run(:com.google.android.gms@262434035@26.24.34 (260400-938041327):23)
08-10 19:42:12.067 29985 30026 E AndroidRuntime: 	at java.util.concurrent.ThreadPoolExecutor.runWorker(ThreadPoolExecutor.java:1100)
08-10 19:42:12.067 29985 30026 E AndroidRuntime: 	at java.util.concurrent.ThreadPoolExecutor$Worker.run(ThreadPoolExecutor.java:624)
08-10 19:42:12.067 29985 30026 E AndroidRuntime: 	at java.lang.Thread.run(Thread.java:1572)
08-11 08:31:30.429 30974  3753 E AndroidRuntime: FATAL EXCEPTION: [com.google.android.gms.chimera.container.intentoperation.GmsIntentOperationChimeraService-Executor] idle
08-11 08:31:30.429 30974  3753 E AndroidRuntime: Process: com.google.android.gms, PID: 30974
08-11 08:31:30.429 30974  3753 E AndroidRuntime: java.lang.IllegalArgumentException: Invalid column photo_uri
08-11 08:31:30.429 30974  3753 E AndroidRuntime: 	at android.database.DatabaseUtils.readExceptionFromParcel(DatabaseUtils.java:207)
08-11 08:31:30.429 30974  3753 E AndroidRuntime: 	at android.database.DatabaseUtils.readExceptionFromParcel(DatabaseUtils.java:177)
08-11 08:31:30.429 30974  3753 E AndroidRuntime: 	at android.content.ContentProviderProxy.query(ContentProviderNative.java:497)
08-11 08:31:30.429 30974  3753 E AndroidRuntime: 	at android.content.ContentProviderClient.lambda$query$1(ContentProviderClient.java:370)
08-11 08:31:30.429 30974  3753 E AndroidRuntime: 	at android.content.ContentProviderClient.$r8$lambda$XM3tFPA55ljHDptsaCJsFKE9eeU(ContentProviderClient.java:0)
08-11 08:31:30.429 30974  3753 E AndroidRuntime: 	at android.content.ContentProviderClient$$ExternalSyntheticLambda5.apply(D8$$SyntheticClass:0)
08-11 08:31:30.429 30974  3753 E AndroidRuntime: 	at android.content.ContentProviderClient.execute(ContentProviderClient.java:779)
08-11 08:31:30.429 30974  3753 E AndroidRuntime: 	at android.content.ContentProviderClient.query(ContentProviderClient.java:369)
08-11 08:31:30.429 30974  3753 E AndroidRuntime: 	at android.content.ContentProviderClient.query(ContentProviderClient.java:360)
08-11 08:31:30.429 30974  3753 E AndroidRuntime: 	at android.content.ContentProviderClient.query(ContentProviderClient.java:350)
08-11 08:31:30.429 30974  3753 E AndroidRuntime: 	at fefz.b(:com.google.android.gms@262434035@26.24.34 (260400-938041327):88)
08-11 08:31:30.429 30974  3753 E AndroidRuntime: 	at com.google.android.gms.people.sync.focus.SyncHighResPhotoIntentOperation.onHandleIntent(:com.google.android.gms@262434035@26.24.34 (260400-938041327):51)
08-11 08:31:30.429 30974  3753 E AndroidRuntime: 	at com.google.android.chimera.IntentOperation.onHandleIntent(:com.google.android.gms@262434035@26.24.34 (260400-938041327):1)
08-11 08:31:30.429 30974  3753 E AndroidRuntime: 	at bemu.onHandleIntent(:com.google.android.gms@262434035@26.24.34 (260400-938041327):88)
08-11 08:31:30.429 30974  3753 E AndroidRuntime: 	at abkp.run(:com.google.android.gms@262434035@26.24.34 (260400-938041327):58)
08-11 08:31:30.429 30974  3753 E AndroidRuntime: 	at abko.run(:com.google.android.gms@262434035@26.24.34 (260400-938041327):132)
08-11 08:31:30.429 30974  3753 E AndroidRuntime: 	at hgwo.run(:com.google.android.gms@262434035@26.24.34 (260400-938041327):23)
08-11 08:31:30.429 30974  3753 E AndroidRuntime: 	at java.util.concurrent.ThreadPoolExecutor.runWorker(ThreadPoolExecutor.java:1100)
08-11 08:31:30.429 30974  3753 E AndroidRuntime: 	at java.util.concurrent.ThreadPoolExecutor$Worker.run(ThreadPoolExecutor.java:624)
08-11 08:31:30.429 30974  3753 E AndroidRuntime: 	at java.lang.Thread.run(Thread.java:1572)
08-11 08:59:15.311  3771  9207 E AndroidRuntime: FATAL EXCEPTION: [com.google.android.gms.chimera.container.intentoperation.GmsIntentOperationChimeraService-Executor] idle
08-11 08:59:15.311  3771  9207 E AndroidRuntime: Process: com.google.android.gms, PID: 3771
08-11 08:59:15.311  3771  9207 E AndroidRuntime: java.lang.IllegalArgumentException: Invalid column photo_uri
08-11 08:59:15.311  3771  9207 E AndroidRuntime: 	at android.database.DatabaseUtils.readExceptionFromParcel(DatabaseUtils.java:207)
08-11 08:59:15.311  3771  9207 E AndroidRuntime: 	at android.database.DatabaseUtils.readExceptionFromParcel(DatabaseUtils.java:177)
08-11 08:59:15.311  3771  9207 E AndroidRuntime: 	at android.content.ContentProviderProxy.query(ContentProviderNative.java:497)
08-11 08:59:15.311  3771  9207 E AndroidRuntime: 	at android.content.ContentProviderClient.lambda$query$1(ContentProviderClient.java:370)
08-11 08:59:15.311  3771  9207 E AndroidRuntime: 	at android.content.ContentProviderClient.$r8$lambda$XM3tFPA55ljHDptsaCJsFKE9eeU(ContentProviderClient.java:0)
08-11 08:59:15.311  3771  9207 E AndroidRuntime: 	at android.content.ContentProviderClient$$ExternalSyntheticLambda5.apply(D8$$SyntheticClass:0)
08-11 08:59:15.311  3771  9207 E AndroidRuntime: 	at android.content.ContentProviderClient.execute(ContentProviderClient.java:779)
08-11 08:59:15.311  3771  9207 E AndroidRuntime: 	at android.content.ContentProviderClient.query(ContentProviderClient.java:369)
08-11 08:59:15.311  3771  9207 E AndroidRuntime: 	at android.content.ContentProviderClient.query(ContentProviderClient.java:360)
08-11 08:59:15.311  3771  9207 E AndroidRuntime: 	at android.content.ContentProviderClient.query(ContentProviderClient.java:350)
08-11 08:59:15.311  3771  9207 E AndroidRuntime: 	at fefz.b(:com.google.android.gms@262434035@26.24.34 (260400-938041327):88)
08-11 08:59:15.311  3771  9207 E AndroidRuntime: 	at com.google.android.gms.people.sync.focus.SyncHighResPhotoIntentOperation.onHandleIntent(:com.google.android.gms@262434035@26.24.34 (260400-938041327):51)
08-11 08:59:15.311  3771  9207 E AndroidRuntime: 	at com.google.android.chimera.IntentOperation.onHandleIntent(:com.google.android.gms@262434035@26.24.34 (260400-938041327):1)
08-11 08:59:15.311  3771  9207 E AndroidRuntime: 	at bemu.onHandleIntent(:com.google.android.gms@262434035@26.24.34 (260400-938041327):88)
08-11 08:59:15.311  3771  9207 E AndroidRuntime: 	at abkp.run(:com.google.android.gms@262434035@26.24.34 (260400-938041327):58)
08-11 08:59:15.311  3771  9207 E AndroidRuntime: 	at abko.run(:com.google.android.gms@262434035@26.24.34 (260400-938041327):132)
08-11 08:59:15.311  3771  9207 E AndroidRuntime: 	at hgwo.run(:com.google.android.gms@262434035@26.24.34 (260400-938041327):23)
08-11 08:59:15.311  3771  9207 E AndroidRuntime: 	at java.util.concurrent.ThreadPoolExecutor.runWorker(ThreadPoolExecutor.java:1100)
08-11 08:59:15.311  3771  9207 E AndroidRuntime: 	at java.util.concurrent.ThreadPoolExecutor$Worker.run(ThreadPoolExecutor.java:624)
08-11 08:59:15.311  3771  9207 E AndroidRuntime: 	at java.lang.Thread.run(Thread.java:1572)
08-11 08:59:16.401  9225  9301 E AndroidRuntime: FATAL EXCEPTION: [com.google.android.gms.chimera.container.intentoperation.GmsIntentOperationChimeraService-Executor] idle
08-11 08:59:16.401  9225  9301 E AndroidRuntime: Process: com.google.android.gms, PID: 9225
08-11 08:59:16.401  9225  9301 E AndroidRuntime: java.lang.IllegalArgumentException: Invalid column photo_uri
08-11 08:59:16.401  9225  9301 E AndroidRuntime: 	at android.database.DatabaseUtils.readExceptionFromParcel(DatabaseUtils.java:207)
08-11 08:59:16.401  9225  9301 E AndroidRuntime: 	at android.database.DatabaseUtils.readExceptionFromParcel(DatabaseUtils.java:177)
08-11 08:59:16.401  9225  9301 E AndroidRuntime: 	at android.content.ContentProviderProxy.query(ContentProviderNative.java:497)
08-11 08:59:16.401  9225  9301 E AndroidRuntime: 	at android.content.ContentProviderClient.lambda$query$1(ContentProviderClient.java:370)
08-11 08:59:16.401  9225  9301 E AndroidRuntime: 	at android.content.ContentProviderClient.$r8$lambda$XM3tFPA55ljHDptsaCJsFKE9eeU(ContentProviderClient.java:0)
08-11 08:59:16.401  9225  9301 E AndroidRuntime: 	at android.content.ContentProviderClient$$ExternalSyntheticLambda5.apply(D8$$SyntheticClass:0)
08-11 08:59:16.401  9225  9301 E AndroidRuntime: 	at android.content.ContentProviderClient.execute(ContentProviderClient.java:779)
08-11 08:59:16.401  9225  9301 E AndroidRuntime: 	at android.content.ContentProviderClient.query(ContentProviderClient.java:369)
08-11 08:59:16.401  9225  9301 E AndroidRuntime: 	at android.content.ContentProviderClient.query(ContentProviderClient.java:360)
08-11 08:59:16.401  9225  9301 E AndroidRuntime: 	at android.content.ContentProviderClient.query(ContentProviderClient.java:350)
08-11 08:59:16.401  9225  9301 E AndroidRuntime: 	at fefz.b(:com.google.android.gms@262434035@26.24.34 (260400-938041327):88)
08-11 08:59:16.401  9225  9301 E AndroidRuntime: 	at com.google.android.gms.people.sync.focus.SyncHighResPhotoIntentOperation.onHandleIntent(:com.google.android.gms@262434035@26.24.34 (260400-938041327):51)
08-11 08:59:16.401  9225  9301 E AndroidRuntime: 	at com.google.android.chimera.IntentOperation.onHandleIntent(:com.google.android.gms@262434035@26.24.34 (260400-938041327):1)
08-11 08:59:16.401  9225  9301 E AndroidRuntime: 	at bemu.onHandleIntent(:com.google.android.gms@262434035@26.24.34 (260400-938041327):88)
08-11 08:59:16.401  9225  9301 E AndroidRuntime: 	at abkp.run(:com.google.android.gms@262434035@26.24.34 (260400-938041327):58)
08-11 08:59:16.401  9225  9301 E AndroidRuntime: 	at abko.run(:com.google.android.gms@262434035@26.24.34 (260400-938041327):132)
08-11 08:59:16.401  9225  9301 E AndroidRuntime: 	at hgwo.run(:com.google.android.gms@262434035@26.24.34 (260400-938041327):23)
08-11 08:59:16.401  9225  9301 E AndroidRuntime: 	at java.util.concurrent.ThreadPoolExecutor.runWorker(ThreadPoolExecutor.java:1100)
08-11 08:59:16.401  9225  9301 E AndroidRuntime: 	at java.util.concurrent.ThreadPoolExecutor$Worker.run(ThreadPoolExecutor.java:624)
08-11 08:59:16.401  9225  9301 E AndroidRuntime: 	at java.lang.Thread.run(Thread.java:1572)
08-11 08:59:19.713  9317  9379 E AndroidRuntime: FATAL EXCEPTION: [com.google.android.gms.chimera.container.intentoperation.GmsIntentOperationChimeraService-Executor] idle
08-11 08:59:19.713  9317  9379 E AndroidRuntime: Process: com.google.android.gms, PID: 9317
08-11 08:59:19.713  9317  9379 E AndroidRuntime: java.lang.IllegalArgumentException: Invalid column photo_uri
08-11 08:59:19.713  9317  9379 E AndroidRuntime: 	at android.database.DatabaseUtils.readExceptionFromParcel(DatabaseUtils.java:207)
08-11 08:59:19.713  9317  9379 E AndroidRuntime: 	at android.database.DatabaseUtils.readExceptionFromParcel(DatabaseUtils.java:177)
08-11 08:59:19.713  9317  9379 E AndroidRuntime: 	at android.content.ContentProviderProxy.query(ContentProviderNative.java:497)
08-11 08:59:19.713  9317  9379 E AndroidRuntime: 	at android.content.ContentProviderClient.lambda$query$1(ContentProviderClient.java:370)
08-11 08:59:19.713  9317  9379 E AndroidRuntime: 	at android.content.ContentProviderClient.$r8$lambda$XM3tFPA55ljHDptsaCJsFKE9eeU(ContentProviderClient.java:0)
08-11 08:59:19.713  9317  9379 E AndroidRuntime: 	at android.content.ContentProviderClient$$ExternalSyntheticLambda5.apply(D8$$SyntheticClass:0)
08-11 08:59:19.713  9317  9379 E AndroidRuntime: 	at android.content.ContentProviderClient.execute(ContentProviderClient.java:779)
08-11 08:59:19.713  9317  9379 E AndroidRuntime: 	at android.content.ContentProviderClient.query(ContentProviderClient.java:369)
08-11 08:59:19.713  9317  9379 E AndroidRuntime: 	at android.content.ContentProviderClient.query(ContentProviderClient.java:360)
08-11 08:59:19.713  9317  9379 E AndroidRuntime: 	at android.content.ContentProviderClient.query(ContentProviderClient.java:350)
08-11 08:59:19.713  9317  9379 E AndroidRuntime: 	at fefz.b(:com.google.android.gms@262434035@26.24.34 (260400-938041327):88)
08-11 08:59:19.713  9317  9379 E AndroidRuntime: 	at com.google.android.gms.people.sync.focus.SyncHighResPhotoIntentOperation.onHandleIntent(:com.google.android.gms@262434035@26.24.34 (260400-938041327):51)
08-11 08:59:19.713  9317  9379 E AndroidRuntime: 	at com.google.android.chimera.IntentOperation.onHandleIntent(:com.google.android.gms@262434035@26.24.34 (260400-938041327):1)
08-11 08:59:19.713  9317  9379 E AndroidRuntime: 	at bemu.onHandleIntent(:com.google.android.gms@262434035@26.24.34 (260400-938041327):88)
08-11 08:59:19.713  9317  9379 E AndroidRuntime: 	at abkp.run(:com.google.android.gms@262434035@26.24.34 (260400-938041327):58)
08-11 08:59:19.713  9317  9379 E AndroidRuntime: 	at abko.run(:com.google.android.gms@262434035@26.24.34 (260400-938041327):132)
08-11 08:59:19.713  9317  9379 E AndroidRuntime: 	at hgwo.run(:com.google.android.gms@262434035@26.24.34 (260400-938041327):23)
08-11 08:59:19.713  9317  9379 E AndroidRuntime: 	at java.util.concurrent.ThreadPoolExecutor.runWorker(ThreadPoolExecutor.java:1100)
08-11 08:59:19.713  9317  9379 E AndroidRuntime: 	at java.util.concurrent.ThreadPoolExecutor$Worker.run(ThreadPoolExecutor.java:624)
08-11 08:59:19.713  9317  9379 E AndroidRuntime: 	at java.lang.Thread.run(Thread.java:1572)
08-11 08:59:21.204  9383  9432 E AndroidRuntime: FATAL EXCEPTION: [com.google.android.gms.chimera.container.intentoperation.GmsIntentOperationChimeraService-Executor] idle
08-11 08:59:21.204  9383  9432 E AndroidRuntime: Process: com.google.android.gms, PID: 9383
08-11 08:59:21.204  9383  9432 E AndroidRuntime: java.lang.IllegalArgumentException: Invalid column photo_uri
08-11 08:59:21.204  9383  9432 E AndroidRuntime: 	at android.database.DatabaseUtils.readExceptionFromParcel(DatabaseUtils.java:207)
08-11 08:59:21.204  9383  9432 E AndroidRuntime: 	at android.database.DatabaseUtils.readExceptionFromParcel(DatabaseUtils.java:177)
08-11 08:59:21.204  9383  9432 E AndroidRuntime: 	at android.content.ContentProviderProxy.query(ContentProviderNative.java:497)
08-11 08:59:21.204  9383  9432 E AndroidRuntime: 	at android.content.ContentProviderClient.lambda$query$1(ContentProviderClient.java:370)
08-11 08:59:21.204  9383  9432 E AndroidRuntime: 	at android.content.ContentProviderClient.$r8$lambda$XM3tFPA55ljHDptsaCJsFKE9eeU(ContentProviderClient.java:0)
08-11 08:59:21.204  9383  9432 E AndroidRuntime: 	at android.content.ContentProviderClient$$ExternalSyntheticLambda5.apply(D8$$SyntheticClass:0)
08-11 08:59:21.204  9383  9432 E AndroidRuntime: 	at android.content.ContentProviderClient.execute(ContentProviderClient.java:779)
08-11 08:59:21.204  9383  9432 E AndroidRuntime: 	at android.content.ContentProviderClient.query(ContentProviderClient.java:369)
08-11 08:59:21.204  9383  9432 E AndroidRuntime: 	at android.content.ContentProviderClient.query(ContentProviderClient.java:360)
08-11 08:59:21.204  9383  9432 E AndroidRuntime: 	at android.content.ContentProviderClient.query(ContentProviderClient.java:350)
08-11 08:59:21.204  9383  9432 E AndroidRuntime: 	at fefz.b(:com.google.android.gms@262434035@26.24.34 (260400-938041327):88)
08-11 08:59:21.204  9383  9432 E AndroidRuntime: 	at com.google.android.gms.people.sync.focus.SyncHighResPhotoIntentOperation.onHandleIntent(:com.google.android.gms@262434035@26.24.34 (260400-938041327):51)
08-11 08:59:21.204  9383  9432 E AndroidRuntime: 	at com.google.android.chimera.IntentOperation.onHandleIntent(:com.google.android.gms@262434035@26.24.34 (260400-938041327):1)
08-11 08:59:21.204  9383  9432 E AndroidRuntime: 	at bemu.onHandleIntent(:com.google.android.gms@262434035@26.24.34 (260400-938041327):88)
08-11 08:59:21.204  9383  9432 E AndroidRuntime: 	at abkp.run(:com.google.android.gms@262434035@26.24.34 (260400-938041327):58)
08-11 08:59:21.204  9383  9432 E AndroidRuntime: 	at abko.run(:com.google.android.gms@262434035@26.24.34 (260400-938041327):132)
08-11 08:59:21.204  9383  9432 E AndroidRuntime: 	at hgwo.run(:com.google.android.gms@262434035@26.24.34 (260400-938041327):23)
08-11 08:59:21.204  9383  9432 E AndroidRuntime: 	at java.util.concurrent.ThreadPoolExecutor.runWorker(ThreadPoolExecutor.java:1100)
08-11 08:59:21.204  9383  9432 E AndroidRuntime: 	at java.util.concurrent.ThreadPoolExecutor$Worker.run(ThreadPoolExecutor.java:624)
08-11 08:59:21.204  9383  9432 E AndroidRuntime: 	at java.lang.Thread.run(Thread.java:1572)
08-11 09:00:54.615  9612  9927 E AndroidRuntime: FATAL EXCEPTION: [com.google.android.gms.chimera.container.intentoperation.GmsIntentOperationChimeraService-Executor] idle
08-11 09:00:54.615  9612  9927 E AndroidRuntime: Process: com.google.android.gms, PID: 9612
08-11 09:00:54.615  9612  9927 E AndroidRuntime: java.lang.IllegalArgumentException: Invalid column photo_uri
08-11 09:00:54.615  9612  9927 E AndroidRuntime: 	at android.database.DatabaseUtils.readExceptionFromParcel(DatabaseUtils.java:207)
08-11 09:00:54.615  9612  9927 E AndroidRuntime: 	at android.database.DatabaseUtils.readExceptionFromParcel(DatabaseUtils.java:177)
08-11 09:00:54.615  9612  9927 E AndroidRuntime: 	at android.content.ContentProviderProxy.query(ContentProviderNative.java:497)
08-11 09:00:54.615  9612  9927 E AndroidRuntime: 	at android.content.ContentProviderClient.lambda$query$1(ContentProviderClient.java:370)
08-11 09:00:54.615  9612  9927 E AndroidRuntime: 	at android.content.ContentProviderClient.$r8$lambda$XM3tFPA55ljHDptsaCJsFKE9eeU(ContentProviderClient.java:0)
08-11 09:00:54.615  9612  9927 E AndroidRuntime: 	at android.content.ContentProviderClient$$ExternalSyntheticLambda5.apply(D8$$SyntheticClass:0)
08-11 09:00:54.615  9612  9927 E AndroidRuntime: 	at android.content.ContentProviderClient.execute(ContentProviderClient.java:779)
08-11 09:00:54.615  9612  9927 E AndroidRuntime: 	at android.content.ContentProviderClient.query(ContentProviderClient.java:369)
08-11 09:00:54.615  9612  9927 E AndroidRuntime: 	at android.content.ContentProviderClient.query(ContentProviderClient.java:360)
08-11 09:00:54.615  9612  9927 E AndroidRuntime: 	at android.content.ContentProviderClient.query(ContentProviderClient.java:350)
08-11 09:00:54.615  9612  9927 E AndroidRuntime: 	at fefz.b(:com.google.android.gms@262434035@26.24.34 (260400-938041327):88)
08-11 09:00:54.615  9612  9927 E AndroidRuntime: 	at com.google.android.gms.people.sync.focus.SyncHighResPhotoIntentOperation.onHandleIntent(:com.google.android.gms@262434035@26.24.34 (260400-938041327):51)
08-11 09:00:54.615  9612  9927 E AndroidRuntime: 	at com.google.android.chimera.IntentOperation.onHandleIntent(:com.google.android.gms@262434035@26.24.34 (260400-938041327):1)
08-11 09:00:54.615  9612  9927 E AndroidRuntime: 	at bemu.onHandleIntent(:com.google.android.gms@262434035@26.24.34 (260400-938041327):88)
08-11 09:00:54.615  9612  9927 E AndroidRuntime: 	at abkp.run(:com.google.android.gms@262434035@26.24.34 (260400-938041327):58)
08-11 09:00:54.615  9612  9927 E AndroidRuntime: 	at abko.run(:com.google.android.gms@262434035@26.24.34 (260400-938041327):132)
08-11 09:00:54.615  9612  9927 E AndroidRuntime: 	at hgwo.run(:com.google.android.gms@262434035@26.24.34 (260400-938041327):23)
08-11 09:00:54.615  9612  9927 E AndroidRuntime: 	at java.util.concurrent.ThreadPoolExecutor.runWorker(ThreadPoolExecutor.java:1100)
08-11 09:00:54.615  9612  9927 E AndroidRuntime: 	at java.util.concurrent.ThreadPoolExecutor$Worker.run(ThreadPoolExecutor.java:624)
08-11 09:00:54.615  9612  9927 E AndroidRuntime: 	at java.lang.Thread.run(Thread.java:1572)
08-11 09:06:45.843 10006 10757 E AndroidRuntime: FATAL EXCEPTION: [com.google.android.gms.chimera.container.intentoperation.GmsIntentOperationChimeraService-Executor] idle
08-11 09:06:45.843 10006 10757 E AndroidRuntime: Process: com.google.android.gms, PID: 10006
08-11 09:06:45.843 10006 10757 E AndroidRuntime: java.lang.IllegalArgumentException: Invalid column photo_uri
08-11 09:06:45.843 10006 10757 E AndroidRuntime: 	at android.database.DatabaseUtils.readExceptionFromParcel(DatabaseUtils.java:207)
08-11 09:06:45.843 10006 10757 E AndroidRuntime: 	at android.database.DatabaseUtils.readExceptionFromParcel(DatabaseUtils.java:177)
08-11 09:06:45.843 10006 10757 E AndroidRuntime: 	at android.content.ContentProviderProxy.query(ContentProviderNative.java:497)
08-11 09:06:45.843 10006 10757 E AndroidRuntime: 	at android.content.ContentProviderClient.lambda$query$1(ContentProviderClient.java:370)
08-11 09:06:45.843 10006 10757 E AndroidRuntime: 	at android.content.ContentProviderClient.$r8$lambda$XM3tFPA55ljHDptsaCJsFKE9eeU(ContentProviderClient.java:0)
08-11 09:06:45.843 10006 10757 E AndroidRuntime: 	at android.content.ContentProviderClient$$ExternalSyntheticLambda5.apply(D8$$SyntheticClass:0)
08-11 09:06:45.843 10006 10757 E AndroidRuntime: 	at android.content.ContentProviderClient.execute(ContentProviderClient.java:779)
08-11 09:06:45.843 10006 10757 E AndroidRuntime: 	at android.content.ContentProviderClient.query(ContentProviderClient.java:369)
08-11 09:06:45.843 10006 10757 E AndroidRuntime: 	at android.content.ContentProviderClient.query(ContentProviderClient.java:360)
08-11 09:06:45.843 10006 10757 E AndroidRuntime: 	at android.content.ContentProviderClient.query(ContentProviderClient.java:350)
08-11 09:06:45.843 10006 10757 E AndroidRuntime: 	at fefz.b(:com.google.android.gms@262434035@26.24.34 (260400-938041327):88)
08-11 09:06:45.843 10006 10757 E AndroidRuntime: 	at com.google.android.gms.people.sync.focus.SyncHighResPhotoIntentOperation.onHandleIntent(:com.google.android.gms@262434035@26.24.34 (260400-938041327):51)
08-11 09:06:45.843 10006 10757 E AndroidRuntime: 	at com.google.android.chimera.IntentOperation.onHandleIntent(:com.google.android.gms@262434035@26.24.34 (260400-938041327):1)
08-11 09:06:45.843 10006 10757 E AndroidRuntime: 	at bemu.onHandleIntent(:com.google.android.gms@262434035@26.24.34 (260400-938041327):88)
08-11 09:06:45.843 10006 10757 E AndroidRuntime: 	at abkp.run(:com.google.android.gms@262434035@26.24.34 (260400-938041327):58)
08-11 09:06:45.843 10006 10757 E AndroidRuntime: 	at abko.run(:com.google.android.gms@262434035@26.24.34 (260400-938041327):132)
08-11 09:06:45.843 10006 10757 E AndroidRuntime: 	at hgwo.run(:com.google.android.gms@262434035@26.24.34 (260400-938041327):23)
08-11 09:06:45.843 10006 10757 E AndroidRuntime: 	at java.util.concurrent.ThreadPoolExecutor.runWorker(ThreadPoolExecutor.java:1100)
08-11 09:06:45.843 10006 10757 E AndroidRuntime: 	at java.util.concurrent.ThreadPoolExecutor$Worker.run(ThreadPoolExecutor.java:624)
08-11 09:06:45.843 10006 10757 E AndroidRuntime: 	at java.lang.Thread.run(Thread.java:1572)
08-11 09:06:46.836 10790 10825 E AndroidRuntime: FATAL EXCEPTION: [com.google.android.gms.chimera.container.intentoperation.GmsIntentOperationChimeraService-Executor] idle
08-11 09:06:46.836 10790 10825 E AndroidRuntime: Process: com.google.android.gms, PID: 10790
08-11 09:06:46.836 10790 10825 E AndroidRuntime: java.lang.IllegalArgumentException: Invalid column photo_uri
08-11 09:06:46.836 10790 10825 E AndroidRuntime: 	at android.database.DatabaseUtils.readExceptionFromParcel(DatabaseUtils.java:207)
08-11 09:06:46.836 10790 10825 E AndroidRuntime: 	at android.database.DatabaseUtils.readExceptionFromParcel(DatabaseUtils.java:177)
08-11 09:06:46.836 10790 10825 E AndroidRuntime: 	at android.content.ContentProviderProxy.query(ContentProviderNative.java:497)
08-11 09:06:46.836 10790 10825 E AndroidRuntime: 	at android.content.ContentProviderClient.lambda$query$1(ContentProviderClient.java:370)
08-11 09:06:46.836 10790 10825 E AndroidRuntime: 	at android.content.ContentProviderClient.$r8$lambda$XM3tFPA55ljHDptsaCJsFKE9eeU(ContentProviderClient.java:0)
08-11 09:06:46.836 10790 10825 E AndroidRuntime: 	at android.content.ContentProviderClient$$ExternalSyntheticLambda5.apply(D8$$SyntheticClass:0)
08-11 09:06:46.836 10790 10825 E AndroidRuntime: 	at android.content.ContentProviderClient.execute(ContentProviderClient.java:779)
08-11 09:06:46.836 10790 10825 E AndroidRuntime: 	at android.content.ContentProviderClient.query(ContentProviderClient.java:369)
08-11 09:06:46.836 10790 10825 E AndroidRuntime: 	at android.content.ContentProviderClient.query(ContentProviderClient.java:360)
08-11 09:06:46.836 10790 10825 E AndroidRuntime: 	at android.content.ContentProviderClient.query(ContentProviderClient.java:350)
08-11 09:06:46.836 10790 10825 E AndroidRuntime: 	at fefz.b(:com.google.android.gms@262434035@26.24.34 (260400-938041327):88)
08-11 09:06:46.836 10790 10825 E AndroidRuntime: 	at com.google.android.gms.people.sync.focus.SyncHighResPhotoIntentOperation.onHandleIntent(:com.google.android.gms@262434035@26.24.34 (260400-938041327):51)
08-11 09:06:46.836 10790 10825 E AndroidRuntime: 	at com.google.android.chimera.IntentOperation.onHandleIntent(:com.google.android.gms@262434035@26.24.34 (260400-938041327):1)
08-11 09:06:46.836 10790 10825 E AndroidRuntime: 	at bemu.onHandleIntent(:com.google.android.gms@262434035@26.24.34 (260400-938041327):88)
08-11 09:06:46.836 10790 10825 E AndroidRuntime: 	at abkp.run(:com.google.android.gms@262434035@26.24.34 (260400-938041327):58)
08-11 09:06:46.836 10790 10825 E AndroidRuntime: 	at abko.run(:com.google.android.gms@262434035@26.24.34 (260400-938041327):132)
08-11 09:06:46.836 10790 10825 E AndroidRuntime: 	at hgwo.run(:com.google.android.gms@262434035@26.24.34 (260400-938041327):23)
08-11 09:06:46.836 10790 10825 E AndroidRuntime: 	at java.util.concurrent.ThreadPoolExecutor.runWorker(ThreadPoolExecutor.java:1100)
08-11 09:06:46.836 10790 10825 E AndroidRuntime: 	at java.util.concurrent.ThreadPoolExecutor$Worker.run(ThreadPoolExecutor.java:624)
08-11 09:06:46.836 10790 10825 E AndroidRuntime: 	at java.lang.Thread.run(Thread.java:1572)
08-11 09:08:02.780 11252 11295 E AndroidRuntime: FATAL EXCEPTION: [com.google.android.gms.chimera.container.intentoperation.GmsIntentOperationChimeraService-Executor] idle
08-11 09:08:02.780 11252 11295 E AndroidRuntime: Process: com.google.android.gms, PID: 11252
08-11 09:08:02.780 11252 11295 E AndroidRuntime: java.lang.IllegalArgumentException: Invalid column photo_uri
08-11 09:08:02.780 11252 11295 E AndroidRuntime: 	at android.database.DatabaseUtils.readExceptionFromParcel(DatabaseUtils.java:207)
08-11 09:08:02.780 11252 11295 E AndroidRuntime: 	at android.database.DatabaseUtils.readExceptionFromParcel(DatabaseUtils.java:177)
08-11 09:08:02.780 11252 11295 E AndroidRuntime: 	at android.content.ContentProviderProxy.query(ContentProviderNative.java:497)
08-11 09:08:02.780 11252 11295 E AndroidRuntime: 	at android.content.ContentProviderClient.lambda$query$1(ContentProviderClient.java:370)
08-11 09:08:02.780 11252 11295 E AndroidRuntime: 	at android.content.ContentProviderClient.$r8$lambda$XM3tFPA55ljHDptsaCJsFKE9eeU(ContentProviderClient.java:0)
08-11 09:08:02.780 11252 11295 E AndroidRuntime: 	at android.content.ContentProviderClient$$ExternalSyntheticLambda5.apply(D8$$SyntheticClass:0)
08-11 09:08:02.780 11252 11295 E AndroidRuntime: 	at android.content.ContentProviderClient.execute(ContentProviderClient.java:779)
08-11 09:08:02.780 11252 11295 E AndroidRuntime: 	at android.content.ContentProviderClient.query(ContentProviderClient.java:369)
08-11 09:08:02.780 11252 11295 E AndroidRuntime: 	at android.content.ContentProviderClient.query(ContentProviderClient.java:360)
08-11 09:08:02.780 11252 11295 E AndroidRuntime: 	at android.content.ContentProviderClient.query(ContentProviderClient.java:350)
08-11 09:08:02.780 11252 11295 E AndroidRuntime: 	at fefz.b(:com.google.android.gms@262434035@26.24.34 (260400-938041327):88)
08-11 09:08:02.780 11252 11295 E AndroidRuntime: 	at com.google.android.gms.people.sync.focus.SyncHighResPhotoIntentOperation.onHandleIntent(:com.google.android.gms@262434035@26.24.34 (260400-938041327):51)
08-11 09:08:02.780 11252 11295 E AndroidRuntime: 	at com.google.android.chimera.IntentOperation.onHandleIntent(:com.google.android.gms@262434035@26.24.34 (260400-938041327):1)
08-11 09:08:02.780 11252 11295 E AndroidRuntime: 	at bemu.onHandleIntent(:com.google.android.gms@262434035@26.24.34 (260400-938041327):88)
08-11 09:08:02.780 11252 11295 E AndroidRuntime: 	at abkp.run(:com.google.android.gms@262434035@26.24.34 (260400-938041327):58)
08-11 09:08:02.780 11252 11295 E AndroidRuntime: 	at abko.run(:com.google.android.gms@262434035@26.24.34 (260400-938041327):132)
08-11 09:08:02.780 11252 11295 E AndroidRuntime: 	at hgwo.run(:com.google.android.gms@262434035@26.24.34 (260400-938041327):23)
08-11 09:08:02.780 11252 11295 E AndroidRuntime: 	at java.util.concurrent.ThreadPoolExecutor.runWorker(ThreadPoolExecutor.java:1100)
08-11 09:08:02.780 11252 11295 E AndroidRuntime: 	at java.util.concurrent.ThreadPoolExecutor$Worker.run(ThreadPoolExecutor.java:624)
08-11 09:08:02.780 11252 11295 E AndroidRuntime: 	at java.lang.Thread.run(Thread.java:1572)
08-11 09:08:08.692 11342 11407 E AndroidRuntime: FATAL EXCEPTION: [com.google.android.gms.chimera.container.intentoperation.GmsIntentOperationChimeraService-Executor] idle
08-11 09:08:08.692 11342 11407 E AndroidRuntime: Process: com.google.android.gms, PID: 11342
08-11 09:08:08.692 11342 11407 E AndroidRuntime: java.lang.IllegalArgumentException: Invalid column photo_uri
08-11 09:08:08.692 11342 11407 E AndroidRuntime: 	at android.database.DatabaseUtils.readExceptionFromParcel(DatabaseUtils.java:207)
08-11 09:08:08.692 11342 11407 E AndroidRuntime: 	at android.database.DatabaseUtils.readExceptionFromParcel(DatabaseUtils.java:177)
08-11 09:08:08.692 11342 11407 E AndroidRuntime: 	at android.content.ContentProviderProxy.query(ContentProviderNative.java:497)
08-11 09:08:08.692 11342 11407 E AndroidRuntime: 	at android.content.ContentProviderClient.lambda$query$1(ContentProviderClient.java:370)
08-11 09:08:08.692 11342 11407 E AndroidRuntime: 	at android.content.ContentProviderClient.$r8$lambda$XM3tFPA55ljHDptsaCJsFKE9eeU(ContentProviderClient.java:0)
08-11 09:08:08.692 11342 11407 E AndroidRuntime: 	at android.content.ContentProviderClient$$ExternalSyntheticLambda5.apply(D8$$SyntheticClass:0)
08-11 09:08:08.692 11342 11407 E AndroidRuntime: 	at android.content.ContentProviderClient.execute(ContentProviderClient.java:779)
08-11 09:08:08.692 11342 11407 E AndroidRuntime: 	at android.content.ContentProviderClient.query(ContentProviderClient.java:369)
08-11 09:08:08.692 11342 11407 E AndroidRuntime: 	at android.content.ContentProviderClient.query(ContentProviderClient.java:360)
08-11 09:08:08.692 11342 11407 E AndroidRuntime: 	at android.content.ContentProviderClient.query(ContentProviderClient.java:350)
08-11 09:08:08.692 11342 11407 E AndroidRuntime: 	at fefz.b(:com.google.android.gms@262434035@26.24.34 (260400-938041327):88)
08-11 09:08:08.692 11342 11407 E AndroidRuntime: 	at com.google.android.gms.people.sync.focus.SyncHighResPhotoIntentOperation.onHandleIntent(:com.google.android.gms@262434035@26.24.34 (260400-938041327):51)
08-11 09:08:08.692 11342 11407 E AndroidRuntime: 	at com.google.android.chimera.IntentOperation.onHandleIntent(:com.google.android.gms@262434035@26.24.34 (260400-938041327):1)
08-11 09:08:08.692 11342 11407 E AndroidRuntime: 	at bemu.onHandleIntent(:com.google.android.gms@262434035@26.24.34 (260400-938041327):88)
08-11 09:08:08.692 11342 11407 E AndroidRuntime: 	at abkp.run(:com.google.android.gms@262434035@26.24.34 (260400-938041327):58)
08-11 09:08:08.692 11342 11407 E AndroidRuntime: 	at abko.run(:com.google.android.gms@262434035@26.24.34 (260400-938041327):132)
08-11 09:08:08.692 11342 11407 E AndroidRuntime: 	at hgwo.run(:com.google.android.gms@262434035@26.24.34 (260400-938041327):23)
08-11 09:08:08.692 11342 11407 E AndroidRuntime: 	at java.util.concurrent.ThreadPoolExecutor.runWorker(ThreadPoolExecutor.java:1100)
08-11 09:08:08.692 11342 11407 E AndroidRuntime: 	at java.util.concurrent.ThreadPoolExecutor$Worker.run(ThreadPoolExecutor.java:624)
08-11 09:08:08.692 11342 11407 E AndroidRuntime: 	at java.lang.Thread.run(Thread.java:1572)
08-11 09:25:45.539 11429 13083 E AndroidRuntime: FATAL EXCEPTION: [com.google.android.gms.chimera.container.intentoperation.GmsIntentOperationChimeraService-Executor] idle
08-11 09:25:45.539 11429 13083 E AndroidRuntime: Process: com.google.android.gms, PID: 11429
08-11 09:25:45.539 11429 13083 E AndroidRuntime: java.lang.IllegalArgumentException: Invalid column photo_uri
08-11 09:25:45.539 11429 13083 E AndroidRuntime: 	at android.database.DatabaseUtils.readExceptionFromParcel(DatabaseUtils.java:207)
08-11 09:25:45.539 11429 13083 E AndroidRuntime: 	at android.database.DatabaseUtils.readExceptionFromParcel(DatabaseUtils.java:177)
08-11 09:25:45.539 11429 13083 E AndroidRuntime: 	at android.content.ContentProviderProxy.query(ContentProviderNative.java:497)
08-11 09:25:45.539 11429 13083 E AndroidRuntime: 	at android.content.ContentProviderClient.lambda$query$1(ContentProviderClient.java:370)
08-11 09:25:45.539 11429 13083 E AndroidRuntime: 	at android.content.ContentProviderClient.$r8$lambda$XM3tFPA55ljHDptsaCJsFKE9eeU(ContentProviderClient.java:0)
08-11 09:25:45.539 11429 13083 E AndroidRuntime: 	at android.content.ContentProviderClient$$ExternalSyntheticLambda5.apply(D8$$SyntheticClass:0)
08-11 09:25:45.539 11429 13083 E AndroidRuntime: 	at android.content.ContentProviderClient.execute(ContentProviderClient.java:779)
08-11 09:25:45.539 11429 13083 E AndroidRuntime: 	at android.content.ContentProviderClient.query(ContentProviderClient.java:369)
08-11 09:25:45.539 11429 13083 E AndroidRuntime: 	at android.content.ContentProviderClient.query(ContentProviderClient.java:360)
08-11 09:25:45.539 11429 13083 E AndroidRuntime: 	at android.content.ContentProviderClient.query(ContentProviderClient.java:350)
08-11 09:25:45.539 11429 13083 E AndroidRuntime: 	at fefz.b(:com.google.android.gms@262434035@26.24.34 (260400-938041327):88)
08-11 09:25:45.539 11429 13083 E AndroidRuntime: 	at com.google.android.gms.people.sync.focus.SyncHighResPhotoIntentOperation.onHandleIntent(:com.google.android.gms@262434035@26.24.34 (260400-938041327):51)
08-11 09:25:45.539 11429 13083 E AndroidRuntime: 	at com.google.android.chimera.IntentOperation.onHandleIntent(:com.google.android.gms@262434035@26.24.34 (260400-938041327):1)
08-11 09:25:45.539 11429 13083 E AndroidRuntime: 	at bemu.onHandleIntent(:com.google.android.gms@262434035@26.24.34 (260400-938041327):88)
08-11 09:25:45.539 11429 13083 E AndroidRuntime: 	at abkp.run(:com.google.android.gms@262434035@26.24.34 (260400-938041327):58)
08-11 09:25:45.539 11429 13083 E AndroidRuntime: 	at abko.run(:com.google.android.gms@262434035@26.24.34 (260400-938041327):132)
08-11 09:25:45.539 11429 13083 E AndroidRuntime: 	at hgwo.run(:com.google.android.gms@262434035@26.24.34 (260400-938041327):23)
08-11 09:25:45.539 11429 13083 E AndroidRuntime: 	at java.util.concurrent.ThreadPoolExecutor.runWorker(ThreadPoolExecutor.java:1100)
08-11 09:25:45.539 11429 13083 E AndroidRuntime: 	at java.util.concurrent.ThreadPoolExecutor$Worker.run(ThreadPoolExecutor.java:624)
08-11 09:25:45.539 11429 13083 E AndroidRuntime: 	at java.lang.Thread.run(Thread.java:1572)
08-11 09:25:46.407 13092 13128 E AndroidRuntime: FATAL EXCEPTION: [com.google.android.gms.chimera.container.intentoperation.GmsIntentOperationChimeraService-Executor] idle
08-11 09:25:46.407 13092 13128 E AndroidRuntime: Process: com.google.android.gms, PID: 13092
08-11 09:25:46.407 13092 13128 E AndroidRuntime: java.lang.IllegalArgumentException: Invalid column photo_uri
08-11 09:25:46.407 13092 13128 E AndroidRuntime: 	at android.database.DatabaseUtils.readExceptionFromParcel(DatabaseUtils.java:207)
08-11 09:25:46.407 13092 13128 E AndroidRuntime: 	at android.database.DatabaseUtils.readExceptionFromParcel(DatabaseUtils.java:177)
08-11 09:25:46.407 13092 13128 E AndroidRuntime: 	at android.content.ContentProviderProxy.query(ContentProviderNative.java:497)
08-11 09:25:46.407 13092 13128 E AndroidRuntime: 	at android.content.ContentProviderClient.lambda$query$1(ContentProviderClient.java:370)
08-11 09:25:46.407 13092 13128 E AndroidRuntime: 	at android.content.ContentProviderClient.$r8$lambda$XM3tFPA55ljHDptsaCJsFKE9eeU(ContentProviderClient.java:0)
08-11 09:25:46.407 13092 13128 E AndroidRuntime: 	at android.content.ContentProviderClient$$ExternalSyntheticLambda5.apply(D8$$SyntheticClass:0)
08-11 09:25:46.407 13092 13128 E AndroidRuntime: 	at android.content.ContentProviderClient.execute(ContentProviderClient.java:779)
08-11 09:25:46.407 13092 13128 E AndroidRuntime: 	at android.content.ContentProviderClient.query(ContentProviderClient.java:369)
08-11 09:25:46.407 13092 13128 E AndroidRuntime: 	at android.content.ContentProviderClient.query(ContentProviderClient.java:360)
08-11 09:25:46.407 13092 13128 E AndroidRuntime: 	at android.content.ContentProviderClient.query(ContentProviderClient.java:350)
08-11 09:25:46.407 13092 13128 E AndroidRuntime: 	at fefz.b(:com.google.android.gms@262434035@26.24.34 (260400-938041327):88)
08-11 09:25:46.407 13092 13128 E AndroidRuntime: 	at com.google.android.gms.people.sync.focus.SyncHighResPhotoIntentOperation.onHandleIntent(:com.google.android.gms@262434035@26.24.34 (260400-938041327):51)
08-11 09:25:46.407 13092 13128 E AndroidRuntime: 	at com.google.android.chimera.IntentOperation.onHandleIntent(:com.google.android.gms@262434035@26.24.34 (260400-938041327):1)
08-11 09:25:46.407 13092 13128 E AndroidRuntime: 	at bemu.onHandleIntent(:com.google.android.gms@262434035@26.24.34 (260400-938041327):88)
08-11 09:25:46.407 13092 13128 E AndroidRuntime: 	at abkp.run(:com.google.android.gms@262434035@26.24.34 (260400-938041327):58)
08-11 09:25:46.407 13092 13128 E AndroidRuntime: 	at abko.run(:com.google.android.gms@262434035@26.24.34 (260400-938041327):132)
08-11 09:25:46.407 13092 13128 E AndroidRuntime: 	at hgwo.run(:com.google.android.gms@262434035@26.24.34 (260400-938041327):23)
08-11 09:25:46.407 13092 13128 E AndroidRuntime: 	at java.util.concurrent.ThreadPoolExecutor.runWorker(ThreadPoolExecutor.java:1100)
08-11 09:25:46.407 13092 13128 E AndroidRuntime: 	at java.util.concurrent.ThreadPoolExecutor$Worker.run(ThreadPoolExecutor.java:624)
08-11 09:25:46.407 13092 13128 E AndroidRuntime: 	at java.lang.Thread.run(Thread.java:1572)
08-11 09:25:49.205 13155 13189 E AndroidRuntime: FATAL EXCEPTION: [com.google.android.gms.chimera.container.intentoperation.GmsIntentOperationChimeraService-Executor] idle
08-11 09:25:49.205 13155 13189 E AndroidRuntime: Process: com.google.android.gms, PID: 13155
08-11 09:25:49.205 13155 13189 E AndroidRuntime: java.lang.IllegalArgumentException: Invalid column photo_uri
08-11 09:25:49.205 13155 13189 E AndroidRuntime: 	at android.database.DatabaseUtils.readExceptionFromParcel(DatabaseUtils.java:207)
08-11 09:25:49.205 13155 13189 E AndroidRuntime: 	at android.database.DatabaseUtils.readExceptionFromParcel(DatabaseUtils.java:177)
08-11 09:25:49.205 13155 13189 E AndroidRuntime: 	at android.content.ContentProviderProxy.query(ContentProviderNative.java:497)
08-11 09:25:49.205 13155 13189 E AndroidRuntime: 	at android.content.ContentProviderClient.lambda$query$1(ContentProviderClient.java:370)
08-11 09:25:49.205 13155 13189 E AndroidRuntime: 	at android.content.ContentProviderClient.$r8$lambda$XM3tFPA55ljHDptsaCJsFKE9eeU(ContentProviderClient.java:0)
08-11 09:25:49.205 13155 13189 E AndroidRuntime: 	at android.content.ContentProviderClient$$ExternalSyntheticLambda5.apply(D8$$SyntheticClass:0)
08-11 09:25:49.205 13155 13189 E AndroidRuntime: 	at android.content.ContentProviderClient.execute(ContentProviderClient.java:779)
08-11 09:25:49.205 13155 13189 E AndroidRuntime: 	at android.content.ContentProviderClient.query(ContentProviderClient.java:369)
08-11 09:25:49.205 13155 13189 E AndroidRuntime: 	at android.content.ContentProviderClient.query(ContentProviderClient.java:360)
08-11 09:25:49.205 13155 13189 E AndroidRuntime: 	at android.content.ContentProviderClient.query(ContentProviderClient.java:350)
08-11 09:25:49.205 13155 13189 E AndroidRuntime: 	at fefz.b(:com.google.android.gms@262434035@26.24.34 (260400-938041327):88)
08-11 09:25:49.205 13155 13189 E AndroidRuntime: 	at com.google.android.gms.people.sync.focus.SyncHighResPhotoIntentOperation.onHandleIntent(:com.google.android.gms@262434035@26.24.34 (260400-938041327):51)
08-11 09:25:49.205 13155 13189 E AndroidRuntime: 	at com.google.android.chimera.IntentOperation.onHandleIntent(:com.google.android.gms@262434035@26.24.34 (260400-938041327):1)
08-11 09:25:49.205 13155 13189 E AndroidRuntime: 	at bemu.onHandleIntent(:com.google.android.gms@262434035@26.24.34 (260400-938041327):88)
08-11 09:25:49.205 13155 13189 E AndroidRuntime: 	at abkp.run(:com.google.android.gms@262434035@26.24.34 (260400-938041327):58)
08-11 09:25:49.205 13155 13189 E AndroidRuntime: 	at abko.run(:com.google.android.gms@262434035@26.24.34 (260400-938041327):132)
08-11 09:25:49.205 13155 13189 E AndroidRuntime: 	at hgwo.run(:com.google.android.gms@262434035@26.24.34 (260400-938041327):23)
08-11 09:25:49.205 13155 13189 E AndroidRuntime: 	at java.util.concurrent.ThreadPoolExecutor.runWorker(ThreadPoolExecutor.java:1100)
08-11 09:25:49.205 13155 13189 E AndroidRuntime: 	at java.util.concurrent.ThreadPoolExecutor$Worker.run(ThreadPoolExecutor.java:624)
08-11 09:25:49.205 13155 13189 E AndroidRuntime: 	at java.lang.Thread.run(Thread.java:1572)
08-11 09:25:51.436 13200 13247 E AndroidRuntime: FATAL EXCEPTION: [com.google.android.gms.chimera.container.intentoperation.GmsIntentOperationChimeraService-Executor] idle
08-11 09:25:51.436 13200 13247 E AndroidRuntime: Process: com.google.android.gms, PID: 13200
08-11 09:25:51.436 13200 13247 E AndroidRuntime: java.lang.IllegalArgumentException: Invalid column photo_uri
08-11 09:25:51.436 13200 13247 E AndroidRuntime: 	at android.database.DatabaseUtils.readExceptionFromParcel(DatabaseUtils.java:207)
08-11 09:25:51.436 13200 13247 E AndroidRuntime: 	at android.database.DatabaseUtils.readExceptionFromParcel(DatabaseUtils.java:177)
08-11 09:25:51.436 13200 13247 E AndroidRuntime: 	at android.content.ContentProviderProxy.query(ContentProviderNative.java:497)
08-11 09:25:51.436 13200 13247 E AndroidRuntime: 	at android.content.ContentProviderClient.lambda$query$1(ContentProviderClient.java:370)
08-11 09:25:51.436 13200 13247 E AndroidRuntime: 	at android.content.ContentProviderClient.$r8$lambda$XM3tFPA55ljHDptsaCJsFKE9eeU(ContentProviderClient.java:0)
08-11 09:25:51.436 13200 13247 E AndroidRuntime: 	at android.content.ContentProviderClient$$ExternalSyntheticLambda5.apply(D8$$SyntheticClass:0)
08-11 09:25:51.436 13200 13247 E AndroidRuntime: 	at android.content.ContentProviderClient.execute(ContentProviderClient.java:779)
08-11 09:25:51.436 13200 13247 E AndroidRuntime: 	at android.content.ContentProviderClient.query(ContentProviderClient.java:369)
08-11 09:25:51.436 13200 13247 E AndroidRuntime: 	at android.content.ContentProviderClient.query(ContentProviderClient.java:360)
08-11 09:25:51.436 13200 13247 E AndroidRuntime: 	at android.content.ContentProviderClient.query(ContentProviderClient.java:350)
08-11 09:25:51.436 13200 13247 E AndroidRuntime: 	at fefz.b(:com.google.android.gms@262434035@26.24.34 (260400-938041327):88)
08-11 09:25:51.436 13200 13247 E AndroidRuntime: 	at com.google.android.gms.people.sync.focus.SyncHighResPhotoIntentOperation.onHandleIntent(:com.google.android.gms@262434035@26.24.34 (260400-938041327):51)
08-11 09:25:51.436 13200 13247 E AndroidRuntime: 	at com.google.android.chimera.IntentOperation.onHandleIntent(:com.google.android.gms@262434035@26.24.34 (260400-938041327):1)
08-11 09:25:51.436 13200 13247 E AndroidRuntime: 	at bemu.onHandleIntent(:com.google.android.gms@262434035@26.24.34 (260400-938041327):88)
08-11 09:25:51.436 13200 13247 E AndroidRuntime: 	at abkp.run(:com.google.android.gms@262434035@26.24.34 (260400-938041327):58)
08-11 09:25:51.436 13200 13247 E AndroidRuntime: 	at abko.run(:com.google.android.gms@262434035@26.24.34 (260400-938041327):132)
08-11 09:25:51.436 13200 13247 E AndroidRuntime: 	at hgwo.run(:com.google.android.gms@262434035@26.24.34 (260400-938041327):23)
08-11 09:25:51.436 13200 13247 E AndroidRuntime: 	at java.util.concurrent.ThreadPoolExecutor.runWorker(ThreadPoolExecutor.java:1100)
08-11 09:25:51.436 13200 13247 E AndroidRuntime: 	at java.util.concurrent.ThreadPoolExecutor$Worker.run(ThreadPoolExecutor.java:624)
08-11 09:25:51.436 13200 13247 E AndroidRuntime: 	at java.lang.Thread.run(Thread.java:1572)
08-11 09:28:44.029 13302 13829 E AndroidRuntime: FATAL EXCEPTION: [com.google.android.gms.chimera.container.intentoperation.GmsIntentOperationChimeraService-Executor] idle
08-11 09:28:44.029 13302 13829 E AndroidRuntime: Process: com.google.android.gms, PID: 13302
08-11 09:28:44.029 13302 13829 E AndroidRuntime: java.lang.IllegalArgumentException: Invalid column photo_uri
08-11 09:28:44.029 13302 13829 E AndroidRuntime: 	at android.database.DatabaseUtils.readExceptionFromParcel(DatabaseUtils.java:207)
08-11 09:28:44.029 13302 13829 E AndroidRuntime: 	at android.database.DatabaseUtils.readExceptionFromParcel(DatabaseUtils.java:177)
08-11 09:28:44.029 13302 13829 E AndroidRuntime: 	at android.content.ContentProviderProxy.query(ContentProviderNative.java:497)
08-11 09:28:44.029 13302 13829 E AndroidRuntime: 	at android.content.ContentProviderClient.lambda$query$1(ContentProviderClient.java:370)
08-11 09:28:44.029 13302 13829 E AndroidRuntime: 	at android.content.ContentProviderClient.$r8$lambda$XM3tFPA55ljHDptsaCJsFKE9eeU(ContentProviderClient.java:0)
08-11 09:28:44.029 13302 13829 E AndroidRuntime: 	at android.content.ContentProviderClient$$ExternalSyntheticLambda5.apply(D8$$SyntheticClass:0)
08-11 09:28:44.029 13302 13829 E AndroidRuntime: 	at android.content.ContentProviderClient.execute(ContentProviderClient.java:779)
08-11 09:28:44.029 13302 13829 E AndroidRuntime: 	at android.content.ContentProviderClient.query(ContentProviderClient.java:369)
08-11 09:28:44.029 13302 13829 E AndroidRuntime: 	at android.content.ContentProviderClient.query(ContentProviderClient.java:360)
08-11 09:28:44.029 13302 13829 E AndroidRuntime: 	at android.content.ContentProviderClient.query(ContentProviderClient.java:350)
08-11 09:28:44.029 13302 13829 E AndroidRuntime: 	at fefz.b(:com.google.android.gms@262434035@26.24.34 (260400-938041327):88)
08-11 09:28:44.029 13302 13829 E AndroidRuntime: 	at com.google.android.gms.people.sync.focus.SyncHighResPhotoIntentOperation.onHandleIntent(:com.google.android.gms@262434035@26.24.34 (260400-938041327):51)
08-11 09:28:44.029 13302 13829 E AndroidRuntime: 	at com.google.android.chimera.IntentOperation.onHandleIntent(:com.google.android.gms@262434035@26.24.34 (260400-938041327):1)
08-11 09:28:44.029 13302 13829 E AndroidRuntime: 	at bemu.onHandleIntent(:com.google.android.gms@262434035@26.24.34 (260400-938041327):88)
08-11 09:28:44.029 13302 13829 E AndroidRuntime: 	at abkp.run(:com.google.android.gms@262434035@26.24.34 (260400-938041327):58)
08-11 09:28:44.029 13302 13829 E AndroidRuntime: 	at abko.run(:com.google.android.gms@262434035@26.24.34 (260400-938041327):132)
08-11 09:28:44.029 13302 13829 E AndroidRuntime: 	at hgwo.run(:com.google.android.gms@262434035@26.24.34 (260400-938041327):23)
08-11 09:28:44.029 13302 13829 E AndroidRuntime: 	at java.util.concurrent.ThreadPoolExecutor.runWorker(ThreadPoolExecutor.java:1100)
08-11 09:28:44.029 13302 13829 E AndroidRuntime: 	at java.util.concurrent.ThreadPoolExecutor$Worker.run(ThreadPoolExecutor.java:624)
08-11 09:28:44.029 13302 13829 E AndroidRuntime: 	at java.lang.Thread.run(Thread.java:1572)
08-11 09:28:46.045 13844 13881 E AndroidRuntime: FATAL EXCEPTION: [com.google.android.gms.chimera.container.intentoperation.GmsIntentOperationChimeraService-Executor] idle
08-11 09:28:46.045 13844 13881 E AndroidRuntime: Process: com.google.android.gms, PID: 13844
08-11 09:28:46.045 13844 13881 E AndroidRuntime: java.lang.IllegalArgumentException: Invalid column photo_uri
08-11 09:28:46.045 13844 13881 E AndroidRuntime: 	at android.database.DatabaseUtils.readExceptionFromParcel(DatabaseUtils.java:207)
08-11 09:28:46.045 13844 13881 E AndroidRuntime: 	at android.database.DatabaseUtils.readExceptionFromParcel(DatabaseUtils.java:177)
08-11 09:28:46.045 13844 13881 E AndroidRuntime: 	at android.content.ContentProviderProxy.query(ContentProviderNative.java:497)
08-11 09:28:46.045 13844 13881 E AndroidRuntime: 	at android.content.ContentProviderClient.lambda$query$1(ContentProviderClient.java:370)
08-11 09:28:46.045 13844 13881 E AndroidRuntime: 	at android.content.ContentProviderClient.$r8$lambda$XM3tFPA55ljHDptsaCJsFKE9eeU(ContentProviderClient.java:0)
08-11 09:28:46.045 13844 13881 E AndroidRuntime: 	at android.content.ContentProviderClient$$ExternalSyntheticLambda5.apply(D8$$SyntheticClass:0)
08-11 09:28:46.045 13844 13881 E AndroidRuntime: 	at android.content.ContentProviderClient.execute(ContentProviderClient.java:779)
08-11 09:28:46.045 13844 13881 E AndroidRuntime: 	at android.content.ContentProviderClient.query(ContentProviderClient.java:369)
08-11 09:28:46.045 13844 13881 E AndroidRuntime: 	at android.content.ContentProviderClient.query(ContentProviderClient.java:360)
08-11 09:28:46.045 13844 13881 E AndroidRuntime: 	at android.content.ContentProviderClient.query(ContentProviderClient.java:350)
08-11 09:28:46.045 13844 13881 E AndroidRuntime: 	at fefz.b(:com.google.android.gms@262434035@26.24.34 (260400-938041327):88)
08-11 09:28:46.045 13844 13881 E AndroidRuntime: 	at com.google.android.gms.people.sync.focus.SyncHighResPhotoIntentOperation.onHandleIntent(:com.google.android.gms@262434035@26.24.34 (260400-938041327):51)
08-11 09:28:46.045 13844 13881 E AndroidRuntime: 	at com.google.android.chimera.IntentOperation.onHandleIntent(:com.google.android.gms@262434035@26.24.34 (260400-938041327):1)
08-11 09:28:46.045 13844 13881 E AndroidRuntime: 	at bemu.onHandleIntent(:com.google.android.gms@262434035@26.24.34 (260400-938041327):88)
08-11 09:28:46.045 13844 13881 E AndroidRuntime: 	at abkp.run(:com.google.android.gms@262434035@26.24.34 (260400-938041327):58)
08-11 09:28:46.045 13844 13881 E AndroidRuntime: 	at abko.run(:com.google.android.gms@262434035@26.24.34 (260400-938041327):132)
08-11 09:28:46.045 13844 13881 E AndroidRuntime: 	at hgwo.run(:com.google.android.gms@262434035@26.24.34 (260400-938041327):23)
08-11 09:28:46.045 13844 13881 E AndroidRuntime: 	at java.util.concurrent.ThreadPoolExecutor.runWorker(ThreadPoolExecutor.java:1100)
08-11 09:28:46.045 13844 13881 E AndroidRuntime: 	at java.util.concurrent.ThreadPoolExecutor$Worker.run(ThreadPoolExecutor.java:624)
08-11 09:28:46.045 13844 13881 E AndroidRuntime: 	at java.lang.Thread.run(Thread.java:1572)
08-11 09:28:48.339 13898 13936 E AndroidRuntime: FATAL EXCEPTION: [com.google.android.gms.chimera.container.intentoperation.GmsIntentOperationChimeraService-Executor] idle
08-11 09:28:48.339 13898 13936 E AndroidRuntime: Process: com.google.android.gms, PID: 13898
08-11 09:28:48.339 13898 13936 E AndroidRuntime: java.lang.IllegalArgumentException: Invalid column photo_uri
08-11 09:28:48.339 13898 13936 E AndroidRuntime: 	at android.database.DatabaseUtils.readExceptionFromParcel(DatabaseUtils.java:207)
08-11 09:28:48.339 13898 13936 E AndroidRuntime: 	at android.database.DatabaseUtils.readExceptionFromParcel(DatabaseUtils.java:177)
08-11 09:28:48.339 13898 13936 E AndroidRuntime: 	at android.content.ContentProviderProxy.query(ContentProviderNative.java:497)
08-11 09:28:48.339 13898 13936 E AndroidRuntime: 	at android.content.ContentProviderClient.lambda$query$1(ContentProviderClient.java:370)
08-11 09:28:48.339 13898 13936 E AndroidRuntime: 	at android.content.ContentProviderClient.$r8$lambda$XM3tFPA55ljHDptsaCJsFKE9eeU(ContentProviderClient.java:0)
08-11 09:28:48.339 13898 13936 E AndroidRuntime: 	at android.content.ContentProviderClient$$ExternalSyntheticLambda5.apply(D8$$SyntheticClass:0)
08-11 09:28:48.339 13898 13936 E AndroidRuntime: 	at android.content.ContentProviderClient.execute(ContentProviderClient.java:779)
08-11 09:28:48.339 13898 13936 E AndroidRuntime: 	at android.content.ContentProviderClient.query(ContentProviderClient.java:369)
08-11 09:28:48.339 13898 13936 E AndroidRuntime: 	at android.content.ContentProviderClient.query(ContentProviderClient.java:360)
08-11 09:28:48.339 13898 13936 E AndroidRuntime: 	at android.content.ContentProviderClient.query(ContentProviderClient.java:350)
08-11 09:28:48.339 13898 13936 E AndroidRuntime: 	at fefz.b(:com.google.android.gms@262434035@26.24.34 (260400-938041327):88)
08-11 09:28:48.339 13898 13936 E AndroidRuntime: 	at com.google.android.gms.people.sync.focus.SyncHighResPhotoIntentOperation.onHandleIntent(:com.google.android.gms@262434035@26.24.34 (260400-938041327):51)
08-11 09:28:48.339 13898 13936 E AndroidRuntime: 	at com.google.android.chimera.IntentOperation.onHandleIntent(:com.google.android.gms@262434035@26.24.34 (260400-938041327):1)
08-11 09:28:48.339 13898 13936 E AndroidRuntime: 	at bemu.onHandleIntent(:com.google.android.gms@262434035@26.24.34 (260400-938041327):88)
08-11 09:28:48.339 13898 13936 E AndroidRuntime: 	at abkp.run(:com.google.android.gms@262434035@26.24.34 (260400-938041327):58)
08-11 09:28:48.339 13898 13936 E AndroidRuntime: 	at abko.run(:com.google.android.gms@262434035@26.24.34 (260400-938041327):132)
08-11 09:28:48.339 13898 13936 E AndroidRuntime: 	at hgwo.run(:com.google.android.gms@262434035@26.24.34 (260400-938041327):23)
08-11 09:28:48.339 13898 13936 E AndroidRuntime: 	at java.util.concurrent.ThreadPoolExecutor.runWorker(ThreadPoolExecutor.java:1100)
08-11 09:28:48.339 13898 13936 E AndroidRuntime: 	at java.util.concurrent.ThreadPoolExecutor$Worker.run(ThreadPoolExecutor.java:624)
08-11 09:28:48.339 13898 13936 E AndroidRuntime: 	at java.lang.Thread.run(Thread.java:1572)
08-11 09:28:50.358 13944 13976 E AndroidRuntime: FATAL EXCEPTION: [com.google.android.gms.chimera.container.intentoperation.GmsIntentOperationChimeraService-Executor] idle
08-11 09:28:50.358 13944 13976 E AndroidRuntime: Process: com.google.android.gms, PID: 13944
08-11 09:28:50.358 13944 13976 E AndroidRuntime: java.lang.IllegalArgumentException: Invalid column photo_uri
08-11 09:28:50.358 13944 13976 E AndroidRuntime: 	at android.database.DatabaseUtils.readExceptionFromParcel(DatabaseUtils.java:207)
08-11 09:28:50.358 13944 13976 E AndroidRuntime: 	at android.database.DatabaseUtils.readExceptionFromParcel(DatabaseUtils.java:177)
08-11 09:28:50.358 13944 13976 E AndroidRuntime: 	at android.content.ContentProviderProxy.query(ContentProviderNative.java:497)
08-11 09:28:50.358 13944 13976 E AndroidRuntime: 	at android.content.ContentProviderClient.lambda$query$1(ContentProviderClient.java:370)
08-11 09:28:50.358 13944 13976 E AndroidRuntime: 	at android.content.ContentProviderClient.$r8$lambda$XM3tFPA55ljHDptsaCJsFKE9eeU(ContentProviderClient.java:0)
08-11 09:28:50.358 13944 13976 E AndroidRuntime: 	at android.content.ContentProviderClient$$ExternalSyntheticLambda5.apply(D8$$SyntheticClass:0)
08-11 09:28:50.358 13944 13976 E AndroidRuntime: 	at android.content.ContentProviderClient.execute(ContentProviderClient.java:779)
08-11 09:28:50.358 13944 13976 E AndroidRuntime: 	at android.content.ContentProviderClient.query(ContentProviderClient.java:369)
08-11 09:28:50.358 13944 13976 E AndroidRuntime: 	at android.content.ContentProviderClient.query(ContentProviderClient.java:360)
08-11 09:28:50.358 13944 13976 E AndroidRuntime: 	at android.content.ContentProviderClient.query(ContentProviderClient.java:350)
08-11 09:28:50.358 13944 13976 E AndroidRuntime: 	at fefz.b(:com.google.android.gms@262434035@26.24.34 (260400-938041327):88)
08-11 09:28:50.358 13944 13976 E AndroidRuntime: 	at com.google.android.gms.people.sync.focus.SyncHighResPhotoIntentOperation.onHandleIntent(:com.google.android.gms@262434035@26.24.34 (260400-938041327):51)
08-11 09:28:50.358 13944 13976 E AndroidRuntime: 	at com.google.android.chimera.IntentOperation.onHandleIntent(:com.google.android.gms@262434035@26.24.34 (260400-938041327):1)
08-11 09:28:50.358 13944 13976 E AndroidRuntime: 	at bemu.onHandleIntent(:com.google.android.gms@262434035@26.24.34 (260400-938041327):88)
08-11 09:28:50.358 13944 13976 E AndroidRuntime: 	at abkp.run(:com.google.android.gms@262434035@26.24.34 (260400-938041327):58)
08-11 09:28:50.358 13944 13976 E AndroidRuntime: 	at abko.run(:com.google.android.gms@262434035@26.24.34 (260400-938041327):132)
08-11 09:28:50.358 13944 13976 E AndroidRuntime: 	at hgwo.run(:com.google.android.gms@262434035@26.24.34 (260400-938041327):23)
08-11 09:28:50.358 13944 13976 E AndroidRuntime: 	at java.util.concurrent.ThreadPoolExecutor.runWorker(ThreadPoolExecutor.java:1100)
08-11 09:28:50.358 13944 13976 E AndroidRuntime: 	at java.util.concurrent.ThreadPoolExecutor$Worker.run(ThreadPoolExecutor.java:624)
08-11 09:28:50.358 13944 13976 E AndroidRuntime: 	at java.lang.Thread.run(Thread.java:1572)
08-11 09:45:27.504 14012 16815 E AndroidRuntime: FATAL EXCEPTION: [com.google.android.gms.chimera.container.intentoperation.GmsIntentOperationChimeraService-Executor] idle
08-11 09:45:27.504 14012 16815 E AndroidRuntime: Process: com.google.android.gms, PID: 14012
08-11 09:45:27.504 14012 16815 E AndroidRuntime: java.lang.IllegalArgumentException: Invalid column photo_uri
08-11 09:45:27.504 14012 16815 E AndroidRuntime: 	at android.database.DatabaseUtils.readExceptionFromParcel(DatabaseUtils.java:207)
08-11 09:45:27.504 14012 16815 E AndroidRuntime: 	at android.database.DatabaseUtils.readExceptionFromParcel(DatabaseUtils.java:177)
08-11 09:45:27.504 14012 16815 E AndroidRuntime: 	at android.content.ContentProviderProxy.query(ContentProviderNative.java:497)
08-11 09:45:27.504 14012 16815 E AndroidRuntime: 	at android.content.ContentProviderClient.lambda$query$1(ContentProviderClient.java:370)
08-11 09:45:27.504 14012 16815 E AndroidRuntime: 	at android.content.ContentProviderClient.$r8$lambda$XM3tFPA55ljHDptsaCJsFKE9eeU(ContentProviderClient.java:0)
08-11 09:45:27.504 14012 16815 E AndroidRuntime: 	at android.content.ContentProviderClient$$ExternalSyntheticLambda5.apply(D8$$SyntheticClass:0)
08-11 09:45:27.504 14012 16815 E AndroidRuntime: 	at android.content.ContentProviderClient.execute(ContentProviderClient.java:779)
08-11 09:45:27.504 14012 16815 E AndroidRuntime: 	at android.content.ContentProviderClient.query(ContentProviderClient.java:369)
08-11 09:45:27.504 14012 16815 E AndroidRuntime: 	at android.content.ContentProviderClient.query(ContentProviderClient.java:360)
08-11 09:45:27.504 14012 16815 E AndroidRuntime: 	at android.content.ContentProviderClient.query(ContentProviderClient.java:350)
08-11 09:45:27.504 14012 16815 E AndroidRuntime: 	at fefz.b(:com.google.android.gms@262434035@26.24.34 (260400-938041327):88)
08-11 09:45:27.504 14012 16815 E AndroidRuntime: 	at com.google.android.gms.people.sync.focus.SyncHighResPhotoIntentOperation.onHandleIntent(:com.google.android.gms@262434035@26.24.34 (260400-938041327):51)
08-11 09:45:27.504 14012 16815 E AndroidRuntime: 	at com.google.android.chimera.IntentOperation.onHandleIntent(:com.google.android.gms@262434035@26.24.34 (260400-938041327):1)
08-11 09:45:27.504 14012 16815 E AndroidRuntime: 	at bemu.onHandleIntent(:com.google.android.gms@262434035@26.24.34 (260400-938041327):88)
08-11 09:45:27.504 14012 16815 E AndroidRuntime: 	at abkp.run(:com.google.android.gms@262434035@26.24.34 (260400-938041327):58)
08-11 09:45:27.504 14012 16815 E AndroidRuntime: 	at abko.run(:com.google.android.gms@262434035@26.24.34 (260400-938041327):132)
08-11 09:45:27.504 14012 16815 E AndroidRuntime: 	at hgwo.run(:com.google.android.gms@262434035@26.24.34 (260400-938041327):23)
08-11 09:45:27.504 14012 16815 E AndroidRuntime: 	at java.util.concurrent.ThreadPoolExecutor.runWorker(ThreadPoolExecutor.java:1100)
08-11 09:45:27.504 14012 16815 E AndroidRuntime: 	at java.util.concurrent.ThreadPoolExecutor$Worker.run(ThreadPoolExecutor.java:624)
08-11 09:45:27.504 14012 16815 E AndroidRuntime: 	at java.lang.Thread.run(Thread.java:1572)
08-11 09:46:02.359 16898 17096 E AndroidRuntime: FATAL EXCEPTION: [com.google.android.gms.chimera.container.intentoperation.GmsIntentOperationChimeraService-Executor] idle
08-11 09:46:02.359 16898 17096 E AndroidRuntime: Process: com.google.android.gms, PID: 16898
08-11 09:46:02.359 16898 17096 E AndroidRuntime: java.lang.IllegalArgumentException: Invalid column photo_uri
08-11 09:46:02.359 16898 17096 E AndroidRuntime: 	at android.database.DatabaseUtils.readExceptionFromParcel(DatabaseUtils.java:207)
08-11 09:46:02.359 16898 17096 E AndroidRuntime: 	at android.database.DatabaseUtils.readExceptionFromParcel(DatabaseUtils.java:177)
08-11 09:46:02.359 16898 17096 E AndroidRuntime: 	at android.content.ContentProviderProxy.query(ContentProviderNative.java:497)
08-11 09:46:02.359 16898 17096 E AndroidRuntime: 	at android.content.ContentProviderClient.lambda$query$1(ContentProviderClient.java:370)
08-11 09:46:02.359 16898 17096 E AndroidRuntime: 	at android.content.ContentProviderClient.$r8$lambda$XM3tFPA55ljHDptsaCJsFKE9eeU(ContentProviderClient.java:0)
08-11 09:46:02.359 16898 17096 E AndroidRuntime: 	at android.content.ContentProviderClient$$ExternalSyntheticLambda5.apply(D8$$SyntheticClass:0)
08-11 09:46:02.359 16898 17096 E AndroidRuntime: 	at android.content.ContentProviderClient.execute(ContentProviderClient.java:779)
08-11 09:46:02.359 16898 17096 E AndroidRuntime: 	at android.content.ContentProviderClient.query(ContentProviderClient.java:369)
08-11 09:46:02.359 16898 17096 E AndroidRuntime: 	at android.content.ContentProviderClient.query(ContentProviderClient.java:360)
08-11 09:46:02.359 16898 17096 E AndroidRuntime: 	at android.content.ContentProviderClient.query(ContentProviderClient.java:350)
08-11 09:46:02.359 16898 17096 E AndroidRuntime: 	at fefz.b(:com.google.android.gms@262434035@26.24.34 (260400-938041327):88)
08-11 09:46:02.359 16898 17096 E AndroidRuntime: 	at com.google.android.gms.people.sync.focus.SyncHighResPhotoIntentOperation.onHandleIntent(:com.google.android.gms@262434035@26.24.34 (260400-938041327):51)
08-11 09:46:02.359 16898 17096 E AndroidRuntime: 	at com.google.android.chimera.IntentOperation.onHandleIntent(:com.google.android.gms@262434035@26.24.34 (260400-938041327):1)
08-11 09:46:02.359 16898 17096 E AndroidRuntime: 	at bemu.onHandleIntent(:com.google.android.gms@262434035@26.24.34 (260400-938041327):88)
08-11 09:46:02.359 16898 17096 E AndroidRuntime: 	at abkp.run(:com.google.android.gms@262434035@26.24.34 (260400-938041327):58)
08-11 09:46:02.359 16898 17096 E AndroidRuntime: 	at abko.run(:com.google.android.gms@262434035@26.24.34 (260400-938041327):132)
08-11 09:46:02.359 16898 17096 E AndroidRuntime: 	at hgwo.run(:com.google.android.gms@262434035@26.24.34 (260400-938041327):23)
08-11 09:46:02.359 16898 17096 E AndroidRuntime: 	at java.util.concurrent.ThreadPoolExecutor.runWorker(ThreadPoolExecutor.java:1100)
08-11 09:46:02.359 16898 17096 E AndroidRuntime: 	at java.util.concurrent.ThreadPoolExecutor$Worker.run(ThreadPoolExecutor.java:624)
08-11 09:46:02.359 16898 17096 E AndroidRuntime: 	at java.lang.Thread.run(Thread.java:1572)
08-11 09:46:09.499 17200 17243 E AndroidRuntime: FATAL EXCEPTION: [com.google.android.gms.chimera.container.intentoperation.GmsIntentOperationChimeraService-Executor] idle
08-11 09:46:09.499 17200 17243 E AndroidRuntime: Process: com.google.android.gms, PID: 17200
08-11 09:46:09.499 17200 17243 E AndroidRuntime: java.lang.IllegalArgumentException: Invalid column photo_uri
08-11 09:46:09.499 17200 17243 E AndroidRuntime: 	at android.database.DatabaseUtils.readExceptionFromParcel(DatabaseUtils.java:207)
08-11 09:46:09.499 17200 17243 E AndroidRuntime: 	at android.database.DatabaseUtils.readExceptionFromParcel(DatabaseUtils.java:177)
08-11 09:46:09.499 17200 17243 E AndroidRuntime: 	at android.content.ContentProviderProxy.query(ContentProviderNative.java:497)
08-11 09:46:09.499 17200 17243 E AndroidRuntime: 	at android.content.ContentProviderClient.lambda$query$1(ContentProviderClient.java:370)
08-11 09:46:09.499 17200 17243 E AndroidRuntime: 	at android.content.ContentProviderClient.$r8$lambda$XM3tFPA55ljHDptsaCJsFKE9eeU(ContentProviderClient.java:0)
08-11 09:46:09.499 17200 17243 E AndroidRuntime: 	at android.content.ContentProviderClient$$ExternalSyntheticLambda5.apply(D8$$SyntheticClass:0)
08-11 09:46:09.499 17200 17243 E AndroidRuntime: 	at android.content.ContentProviderClient.execute(ContentProviderClient.java:779)
08-11 09:46:09.499 17200 17243 E AndroidRuntime: 	at android.content.ContentProviderClient.query(ContentProviderClient.java:369)
08-11 09:46:09.499 17200 17243 E AndroidRuntime: 	at android.content.ContentProviderClient.query(ContentProviderClient.java:360)
08-11 09:46:09.499 17200 17243 E AndroidRuntime: 	at android.content.ContentProviderClient.query(ContentProviderClient.java:350)
08-11 09:46:09.499 17200 17243 E AndroidRuntime: 	at fefz.b(:com.google.android.gms@262434035@26.24.34 (260400-938041327):88)
08-11 09:46:09.499 17200 17243 E AndroidRuntime: 	at com.google.android.gms.people.sync.focus.SyncHighResPhotoIntentOperation.onHandleIntent(:com.google.android.gms@262434035@26.24.34 (260400-938041327):51)
08-11 09:46:09.499 17200 17243 E AndroidRuntime: 	at com.google.android.chimera.IntentOperation.onHandleIntent(:com.google.android.gms@262434035@26.24.34 (260400-938041327):1)
08-11 09:46:09.499 17200 17243 E AndroidRuntime: 	at bemu.onHandleIntent(:com.google.android.gms@262434035@26.24.34 (260400-938041327):88)
08-11 09:46:09.499 17200 17243 E AndroidRuntime: 	at abkp.run(:com.google.android.gms@262434035@26.24.34 (260400-938041327):58)
08-11 09:46:09.499 17200 17243 E AndroidRuntime: 	at abko.run(:com.google.android.gms@262434035@26.24.34 (260400-938041327):132)
08-11 09:46:09.499 17200 17243 E AndroidRuntime: 	at hgwo.run(:com.google.android.gms@262434035@26.24.34 (260400-938041327):23)
08-11 09:46:09.499 17200 17243 E AndroidRuntime: 	at java.util.concurrent.ThreadPoolExecutor.runWorker(ThreadPoolExecutor.java:1100)
08-11 09:46:09.499 17200 17243 E AndroidRuntime: 	at java.util.concurrent.ThreadPoolExecutor$Worker.run(ThreadPoolExecutor.java:624)
08-11 09:46:09.499 17200 17243 E AndroidRuntime: 	at java.lang.Thread.run(Thread.java:1572)
08-11 09:46:24.753 17247 17336 E AndroidRuntime: FATAL EXCEPTION: [com.google.android.gms.chimera.container.intentoperation.GmsIntentOperationChimeraService-Executor] idle
08-11 09:46:24.753 17247 17336 E AndroidRuntime: Process: com.google.android.gms, PID: 17247
08-11 09:46:24.753 17247 17336 E AndroidRuntime: java.lang.IllegalArgumentException: Invalid column photo_uri
08-11 09:46:24.753 17247 17336 E AndroidRuntime: 	at android.database.DatabaseUtils.readExceptionFromParcel(DatabaseUtils.java:207)
08-11 09:46:24.753 17247 17336 E AndroidRuntime: 	at android.database.DatabaseUtils.readExceptionFromParcel(DatabaseUtils.java:177)
08-11 09:46:24.753 17247 17336 E AndroidRuntime: 	at android.content.ContentProviderProxy.query(ContentProviderNative.java:497)
08-11 09:46:24.753 17247 17336 E AndroidRuntime: 	at android.content.ContentProviderClient.lambda$query$1(ContentProviderClient.java:370)
08-11 09:46:24.753 17247 17336 E AndroidRuntime: 	at android.content.ContentProviderClient.$r8$lambda$XM3tFPA55ljHDptsaCJsFKE9eeU(ContentProviderClient.java:0)
08-11 09:46:24.753 17247 17336 E AndroidRuntime: 	at android.content.ContentProviderClient$$ExternalSyntheticLambda5.apply(D8$$SyntheticClass:0)
08-11 09:46:24.753 17247 17336 E AndroidRuntime: 	at android.content.ContentProviderClient.execute(ContentProviderClient.java:779)
08-11 09:46:24.753 17247 17336 E AndroidRuntime: 	at android.content.ContentProviderClient.query(ContentProviderClient.java:369)
08-11 09:46:24.753 17247 17336 E AndroidRuntime: 	at android.content.ContentProviderClient.query(ContentProviderClient.java:360)
08-11 09:46:24.753 17247 17336 E AndroidRuntime: 	at android.content.ContentProviderClient.query(ContentProviderClient.java:350)
08-11 09:46:24.753 17247 17336 E AndroidRuntime: 	at fefz.b(:com.google.android.gms@262434035@26.24.34 (260400-938041327):88)
08-11 09:46:24.753 17247 17336 E AndroidRuntime: 	at com.google.android.gms.people.sync.focus.SyncHighResPhotoIntentOperation.onHandleIntent(:com.google.android.gms@262434035@26.24.34 (260400-938041327):51)
08-11 09:46:24.753 17247 17336 E AndroidRuntime: 	at com.google.android.chimera.IntentOperation.onHandleIntent(:com.google.android.gms@262434035@26.24.34 (260400-938041327):1)
08-11 09:46:24.753 17247 17336 E AndroidRuntime: 	at bemu.onHandleIntent(:com.google.android.gms@262434035@26.24.34 (260400-938041327):88)
08-11 09:46:24.753 17247 17336 E AndroidRuntime: 	at abkp.run(:com.google.android.gms@262434035@26.24.34 (260400-938041327):58)
08-11 09:46:24.753 17247 17336 E AndroidRuntime: 	at abko.run(:com.google.android.gms@262434035@26.24.34 (260400-938041327):132)
08-11 09:46:24.753 17247 17336 E AndroidRuntime: 	at hgwo.run(:com.google.android.gms@262434035@26.24.34 (260400-938041327):23)
08-11 09:46:24.753 17247 17336 E AndroidRuntime: 	at java.util.concurrent.ThreadPoolExecutor.runWorker(ThreadPoolExecutor.java:1100)
08-11 09:46:24.753 17247 17336 E AndroidRuntime: 	at java.util.concurrent.ThreadPoolExecutor$Worker.run(ThreadPoolExecutor.java:624)
08-11 09:46:24.753 17247 17336 E AndroidRuntime: 	at java.lang.Thread.run(Thread.java:1572)
08-11 09:46:26.441 17346 17386 E AndroidRuntime: FATAL EXCEPTION: [com.google.android.gms.chimera.container.intentoperation.GmsIntentOperationChimeraService-Executor] idle
08-11 09:46:26.441 17346 17386 E AndroidRuntime: Process: com.google.android.gms, PID: 17346
08-11 09:46:26.441 17346 17386 E AndroidRuntime: java.lang.IllegalArgumentException: Invalid column photo_uri
08-11 09:46:26.441 17346 17386 E AndroidRuntime: 	at android.database.DatabaseUtils.readExceptionFromParcel(DatabaseUtils.java:207)
08-11 09:46:26.441 17346 17386 E AndroidRuntime: 	at android.database.DatabaseUtils.readExceptionFromParcel(DatabaseUtils.java:177)
08-11 09:46:26.441 17346 17386 E AndroidRuntime: 	at android.content.ContentProviderProxy.query(ContentProviderNative.java:497)
08-11 09:46:26.441 17346 17386 E AndroidRuntime: 	at android.content.ContentProviderClient.lambda$query$1(ContentProviderClient.java:370)
08-11 09:46:26.441 17346 17386 E AndroidRuntime: 	at android.content.ContentProviderClient.$r8$lambda$XM3tFPA55ljHDptsaCJsFKE9eeU(ContentProviderClient.java:0)
08-11 09:46:26.441 17346 17386 E AndroidRuntime: 	at android.content.ContentProviderClient$$ExternalSyntheticLambda5.apply(D8$$SyntheticClass:0)
08-11 09:46:26.441 17346 17386 E AndroidRuntime: 	at android.content.ContentProviderClient.execute(ContentProviderClient.java:779)
08-11 09:46:26.441 17346 17386 E AndroidRuntime: 	at android.content.ContentProviderClient.query(ContentProviderClient.java:369)
08-11 09:46:26.441 17346 17386 E AndroidRuntime: 	at android.content.ContentProviderClient.query(ContentProviderClient.java:360)
08-11 09:46:26.441 17346 17386 E AndroidRuntime: 	at android.content.ContentProviderClient.query(ContentProviderClient.java:350)
08-11 09:46:26.441 17346 17386 E AndroidRuntime: 	at fefz.b(:com.google.android.gms@262434035@26.24.34 (260400-938041327):88)
08-11 09:46:26.441 17346 17386 E AndroidRuntime: 	at com.google.android.gms.people.sync.focus.SyncHighResPhotoIntentOperation.onHandleIntent(:com.google.android.gms@262434035@26.24.34 (260400-938041327):51)
08-11 09:46:26.441 17346 17386 E AndroidRuntime: 	at com.google.android.chimera.IntentOperation.onHandleIntent(:com.google.android.gms@262434035@26.24.34 (260400-938041327):1)
08-11 09:46:26.441 17346 17386 E AndroidRuntime: 	at bemu.onHandleIntent(:com.google.android.gms@262434035@26.24.34 (260400-938041327):88)
08-11 09:46:26.441 17346 17386 E AndroidRuntime: 	at abkp.run(:com.google.android.gms@262434035@26.24.34 (260400-938041327):58)
08-11 09:46:26.441 17346 17386 E AndroidRuntime: 	at abko.run(:com.google.android.gms@262434035@26.24.34 (260400-938041327):132)
08-11 09:46:26.441 17346 17386 E AndroidRuntime: 	at hgwo.run(:com.google.android.gms@262434035@26.24.34 (260400-938041327):23)
08-11 09:46:26.441 17346 17386 E AndroidRuntime: 	at java.util.concurrent.ThreadPoolExecutor.runWorker(ThreadPoolExecutor.java:1100)
08-11 09:46:26.441 17346 17386 E AndroidRuntime: 	at java.util.concurrent.ThreadPoolExecutor$Worker.run(ThreadPoolExecutor.java:624)
08-11 09:46:26.441 17346 17386 E AndroidRuntime: 	at java.lang.Thread.run(Thread.java:1572)
08-11 09:46:45.476 17393 17489 E AndroidRuntime: FATAL EXCEPTION: [com.google.android.gms.chimera.container.intentoperation.GmsIntentOperationChimeraService-Executor] idle
08-11 09:46:45.476 17393 17489 E AndroidRuntime: Process: com.google.android.gms, PID: 17393
08-11 09:46:45.476 17393 17489 E AndroidRuntime: java.lang.IllegalArgumentException: Invalid column photo_uri
08-11 09:46:45.476 17393 17489 E AndroidRuntime: 	at android.database.DatabaseUtils.readExceptionFromParcel(DatabaseUtils.java:207)
08-11 09:46:45.476 17393 17489 E AndroidRuntime: 	at android.database.DatabaseUtils.readExceptionFromParcel(DatabaseUtils.java:177)
08-11 09:46:45.476 17393 17489 E AndroidRuntime: 	at android.content.ContentProviderProxy.query(ContentProviderNative.java:497)
08-11 09:46:45.476 17393 17489 E AndroidRuntime: 	at android.content.ContentProviderClient.lambda$query$1(ContentProviderClient.java:370)
08-11 09:46:45.476 17393 17489 E AndroidRuntime: 	at android.content.ContentProviderClient.$r8$lambda$XM3tFPA55ljHDptsaCJsFKE9eeU(ContentProviderClient.java:0)
08-11 09:46:45.476 17393 17489 E AndroidRuntime: 	at android.content.ContentProviderClient$$ExternalSyntheticLambda5.apply(D8$$SyntheticClass:0)
08-11 09:46:45.476 17393 17489 E AndroidRuntime: 	at android.content.ContentProviderClient.execute(ContentProviderClient.java:779)
08-11 09:46:45.476 17393 17489 E AndroidRuntime: 	at android.content.ContentProviderClient.query(ContentProviderClient.java:369)
08-11 09:46:45.476 17393 17489 E AndroidRuntime: 	at android.content.ContentProviderClient.query(ContentProviderClient.java:360)
08-11 09:46:45.476 17393 17489 E AndroidRuntime: 	at android.content.ContentProviderClient.query(ContentProviderClient.java:350)
08-11 09:46:45.476 17393 17489 E AndroidRuntime: 	at fefz.b(:com.google.android.gms@262434035@26.24.34 (260400-938041327):88)
08-11 09:46:45.476 17393 17489 E AndroidRuntime: 	at com.google.android.gms.people.sync.focus.SyncHighResPhotoIntentOperation.onHandleIntent(:com.google.android.gms@262434035@26.24.34 (260400-938041327):51)
08-11 09:46:45.476 17393 17489 E AndroidRuntime: 	at com.google.android.chimera.IntentOperation.onHandleIntent(:com.google.android.gms@262434035@26.24.34 (260400-938041327):1)
08-11 09:46:45.476 17393 17489 E AndroidRuntime: 	at bemu.onHandleIntent(:com.google.android.gms@262434035@26.24.34 (260400-938041327):88)
08-11 09:46:45.476 17393 17489 E AndroidRuntime: 	at abkp.run(:com.google.android.gms@262434035@26.24.34 (260400-938041327):58)
08-11 09:46:45.476 17393 17489 E AndroidRuntime: 	at abko.run(:com.google.android.gms@262434035@26.24.34 (260400-938041327):132)
08-11 09:46:45.476 17393 17489 E AndroidRuntime: 	at hgwo.run(:com.google.android.gms@262434035@26.24.34 (260400-938041327):23)
08-11 09:46:45.476 17393 17489 E AndroidRuntime: 	at java.util.concurrent.ThreadPoolExecutor.runWorker(ThreadPoolExecutor.java:1100)
08-11 09:46:45.476 17393 17489 E AndroidRuntime: 	at java.util.concurrent.ThreadPoolExecutor$Worker.run(ThreadPoolExecutor.java:624)
08-11 09:46:45.476 17393 17489 E AndroidRuntime: 	at java.lang.Thread.run(Thread.java:1572)
08-11 10:03:27.370 17496 20390 E AndroidRuntime: FATAL EXCEPTION: [com.google.android.gms.chimera.container.intentoperation.GmsIntentOperationChimeraService-Executor] idle
08-11 10:03:27.370 17496 20390 E AndroidRuntime: Process: com.google.android.gms, PID: 17496
08-11 10:03:27.370 17496 20390 E AndroidRuntime: java.lang.IllegalArgumentException: Invalid column photo_uri
08-11 10:03:27.370 17496 20390 E AndroidRuntime: 	at android.database.DatabaseUtils.readExceptionFromParcel(DatabaseUtils.java:207)
08-11 10:03:27.370 17496 20390 E AndroidRuntime: 	at android.database.DatabaseUtils.readExceptionFromParcel(DatabaseUtils.java:177)
08-11 10:03:27.370 17496 20390 E AndroidRuntime: 	at android.content.ContentProviderProxy.query(ContentProviderNative.java:497)
08-11 10:03:27.370 17496 20390 E AndroidRuntime: 	at android.content.ContentProviderClient.lambda$query$1(ContentProviderClient.java:370)
08-11 10:03:27.370 17496 20390 E AndroidRuntime: 	at android.content.ContentProviderClient.$r8$lambda$XM3tFPA55ljHDptsaCJsFKE9eeU(ContentProviderClient.java:0)
08-11 10:03:27.370 17496 20390 E AndroidRuntime: 	at android.content.ContentProviderClient$$ExternalSyntheticLambda5.apply(D8$$SyntheticClass:0)
08-11 10:03:27.370 17496 20390 E AndroidRuntime: 	at android.content.ContentProviderClient.execute(ContentProviderClient.java:779)
08-11 10:03:27.370 17496 20390 E AndroidRuntime: 	at android.content.ContentProviderClient.query(ContentProviderClient.java:369)
08-11 10:03:27.370 17496 20390 E AndroidRuntime: 	at android.content.ContentProviderClient.query(ContentProviderClient.java:360)
08-11 10:03:27.370 17496 20390 E AndroidRuntime: 	at android.content.ContentProviderClient.query(ContentProviderClient.java:350)
08-11 10:03:27.370 17496 20390 E AndroidRuntime: 	at fefz.b(:com.google.android.gms@262434035@26.24.34 (260400-938041327):88)
08-11 10:03:27.370 17496 20390 E AndroidRuntime: 	at com.google.android.gms.people.sync.focus.SyncHighResPhotoIntentOperation.onHandleIntent(:com.google.android.gms@262434035@26.24.34 (260400-938041327):51)
08-11 10:03:27.370 17496 20390 E AndroidRuntime: 	at com.google.android.chimera.IntentOperation.onHandleIntent(:com.google.android.gms@262434035@26.24.34 (260400-938041327):1)
08-11 10:03:27.370 17496 20390 E AndroidRuntime: 	at bemu.onHandleIntent(:com.google.android.gms@262434035@26.24.34 (260400-938041327):88)
08-11 10:03:27.370 17496 20390 E AndroidRuntime: 	at abkp.run(:com.google.android.gms@262434035@26.24.34 (260400-938041327):58)
08-11 10:03:27.370 17496 20390 E AndroidRuntime: 	at abko.run(:com.google.android.gms@262434035@26.24.34 (260400-938041327):132)
08-11 10:03:27.370 17496 20390 E AndroidRuntime: 	at hgwo.run(:com.google.android.gms@262434035@26.24.34 (260400-938041327):23)
08-11 10:03:27.370 17496 20390 E AndroidRuntime: 	at java.util.concurrent.ThreadPoolExecutor.runWorker(ThreadPoolExecutor.java:1100)
08-11 10:03:27.370 17496 20390 E AndroidRuntime: 	at java.util.concurrent.ThreadPoolExecutor$Worker.run(ThreadPoolExecutor.java:624)
08-11 10:03:27.370 17496 20390 E AndroidRuntime: 	at java.lang.Thread.run(Thread.java:1572)
08-11 10:09:05.500 20413 21357 E AndroidRuntime: FATAL EXCEPTION: [com.google.android.gms.chimera.container.intentoperation.GmsIntentOperationChimeraService-Executor] idle
08-11 10:09:05.500 20413 21357 E AndroidRuntime: Process: com.google.android.gms, PID: 20413
08-11 10:09:05.500 20413 21357 E AndroidRuntime: java.lang.IllegalArgumentException: Invalid column photo_uri
08-11 10:09:05.500 20413 21357 E AndroidRuntime: 	at android.database.DatabaseUtils.readExceptionFromParcel(DatabaseUtils.java:207)
08-11 10:09:05.500 20413 21357 E AndroidRuntime: 	at android.database.DatabaseUtils.readExceptionFromParcel(DatabaseUtils.java:177)
08-11 10:09:05.500 20413 21357 E AndroidRuntime: 	at android.content.ContentProviderProxy.query(ContentProviderNative.java:497)
08-11 10:09:05.500 20413 21357 E AndroidRuntime: 	at android.content.ContentProviderClient.lambda$query$1(ContentProviderClient.java:370)
08-11 10:09:05.500 20413 21357 E AndroidRuntime: 	at android.content.ContentProviderClient.$r8$lambda$XM3tFPA55ljHDptsaCJsFKE9eeU(ContentProviderClient.java:0)
08-11 10:09:05.500 20413 21357 E AndroidRuntime: 	at android.content.ContentProviderClient$$ExternalSyntheticLambda5.apply(D8$$SyntheticClass:0)
08-11 10:09:05.500 20413 21357 E AndroidRuntime: 	at android.content.ContentProviderClient.execute(ContentProviderClient.java:779)
08-11 10:09:05.500 20413 21357 E AndroidRuntime: 	at android.content.ContentProviderClient.query(ContentProviderClient.java:369)
08-11 10:09:05.500 20413 21357 E AndroidRuntime: 	at android.content.ContentProviderClient.query(ContentProviderClient.java:360)
08-11 10:09:05.500 20413 21357 E AndroidRuntime: 	at android.content.ContentProviderClient.query(ContentProviderClient.java:350)
08-11 10:09:05.500 20413 21357 E AndroidRuntime: 	at fefz.b(:com.google.android.gms@262434035@26.24.34 (260400-938041327):88)
08-11 10:09:05.500 20413 21357 E AndroidRuntime: 	at com.google.android.gms.people.sync.focus.SyncHighResPhotoIntentOperation.onHandleIntent(:com.google.android.gms@262434035@26.24.34 (260400-938041327):51)
08-11 10:09:05.500 20413 21357 E AndroidRuntime: 	at com.google.android.chimera.IntentOperation.onHandleIntent(:com.google.android.gms@262434035@26.24.34 (260400-938041327):1)
08-11 10:09:05.500 20413 21357 E AndroidRuntime: 	at bemu.onHandleIntent(:com.google.android.gms@262434035@26.24.34 (260400-938041327):88)
08-11 10:09:05.500 20413 21357 E AndroidRuntime: 	at abkp.run(:com.google.android.gms@262434035@26.24.34 (260400-938041327):58)
08-11 10:09:05.500 20413 21357 E AndroidRuntime: 	at abko.run(:com.google.android.gms@262434035@26.24.34 (260400-938041327):132)
08-11 10:09:05.500 20413 21357 E AndroidRuntime: 	at hgwo.run(:com.google.android.gms@262434035@26.24.34 (260400-938041327):23)
08-11 10:09:05.500 20413 21357 E AndroidRuntime: 	at java.util.concurrent.ThreadPoolExecutor.runWorker(ThreadPoolExecutor.java:1100)
08-11 10:09:05.500 20413 21357 E AndroidRuntime: 	at java.util.concurrent.ThreadPoolExecutor$Worker.run(ThreadPoolExecutor.java:624)
08-11 10:09:05.500 20413 21357 E AndroidRuntime: 	at java.lang.Thread.run(Thread.java:1572)
08-11 10:09:06.376 21429 21471 E AndroidRuntime: FATAL EXCEPTION: [com.google.android.gms.chimera.container.intentoperation.GmsIntentOperationChimeraService-Executor] idle
08-11 10:09:06.376 21429 21471 E AndroidRuntime: Process: com.google.android.gms, PID: 21429
08-11 10:09:06.376 21429 21471 E AndroidRuntime: java.lang.IllegalArgumentException: Invalid column photo_uri
08-11 10:09:06.376 21429 21471 E AndroidRuntime: 	at android.database.DatabaseUtils.readExceptionFromParcel(DatabaseUtils.java:207)
08-11 10:09:06.376 21429 21471 E AndroidRuntime: 	at android.database.DatabaseUtils.readExceptionFromParcel(DatabaseUtils.java:177)
08-11 10:09:06.376 21429 21471 E AndroidRuntime: 	at android.content.ContentProviderProxy.query(ContentProviderNative.java:497)
08-11 10:09:06.376 21429 21471 E AndroidRuntime: 	at android.content.ContentProviderClient.lambda$query$1(ContentProviderClient.java:370)
08-11 10:09:06.376 21429 21471 E AndroidRuntime: 	at android.content.ContentProviderClient.$r8$lambda$XM3tFPA55ljHDptsaCJsFKE9eeU(ContentProviderClient.java:0)
08-11 10:09:06.376 21429 21471 E AndroidRuntime: 	at android.content.ContentProviderClient$$ExternalSyntheticLambda5.apply(D8$$SyntheticClass:0)
08-11 10:09:06.376 21429 21471 E AndroidRuntime: 	at android.content.ContentProviderClient.execute(ContentProviderClient.java:779)
08-11 10:09:06.376 21429 21471 E AndroidRuntime: 	at android.content.ContentProviderClient.query(ContentProviderClient.java:369)
08-11 10:09:06.376 21429 21471 E AndroidRuntime: 	at android.content.ContentProviderClient.query(ContentProviderClient.java:360)
08-11 10:09:06.376 21429 21471 E AndroidRuntime: 	at android.content.ContentProviderClient.query(ContentProviderClient.java:350)
08-11 10:09:06.376 21429 21471 E AndroidRuntime: 	at fefz.b(:com.google.android.gms@262434035@26.24.34 (260400-938041327):88)
08-11 10:09:06.376 21429 21471 E AndroidRuntime: 	at com.google.android.gms.people.sync.focus.SyncHighResPhotoIntentOperation.onHandleIntent(:com.google.android.gms@262434035@26.24.34 (260400-938041327):51)
08-11 10:09:06.376 21429 21471 E AndroidRuntime: 	at com.google.android.chimera.IntentOperation.onHandleIntent(:com.google.android.gms@262434035@26.24.34 (260400-938041327):1)
08-11 10:09:06.376 21429 21471 E AndroidRuntime: 	at bemu.onHandleIntent(:com.google.android.gms@262434035@26.24.34 (260400-938041327):88)
08-11 10:09:06.376 21429 21471 E AndroidRuntime: 	at abkp.run(:com.google.android.gms@262434035@26.24.34 (260400-938041327):58)
08-11 10:09:06.376 21429 21471 E AndroidRuntime: 	at abko.run(:com.google.android.gms@262434035@26.24.34 (260400-938041327):132)
08-11 10:09:06.376 21429 21471 E AndroidRuntime: 	at hgwo.run(:com.google.android.gms@262434035@26.24.34 (260400-938041327):23)
08-11 10:09:06.376 21429 21471 E AndroidRuntime: 	at java.util.concurrent.ThreadPoolExecutor.runWorker(ThreadPoolExecutor.java:1100)
08-11 10:09:06.376 21429 21471 E AndroidRuntime: 	at java.util.concurrent.ThreadPoolExecutor$Worker.run(ThreadPoolExecutor.java:624)
08-11 10:09:06.376 21429 21471 E AndroidRuntime: 	at java.lang.Thread.run(Thread.java:1572)
08-11 10:09:10.816 21506 21570 E AndroidRuntime: FATAL EXCEPTION: [com.google.android.gms.chimera.container.intentoperation.GmsIntentOperationChimeraService-Executor] idle
08-11 10:09:10.816 21506 21570 E AndroidRuntime: Process: com.google.android.gms, PID: 21506
08-11 10:09:10.816 21506 21570 E AndroidRuntime: java.lang.IllegalArgumentException: Invalid column photo_uri
08-11 10:09:10.816 21506 21570 E AndroidRuntime: 	at android.database.DatabaseUtils.readExceptionFromParcel(DatabaseUtils.java:207)
08-11 10:09:10.816 21506 21570 E AndroidRuntime: 	at android.database.DatabaseUtils.readExceptionFromParcel(DatabaseUtils.java:177)
08-11 10:09:10.816 21506 21570 E AndroidRuntime: 	at android.content.ContentProviderProxy.query(ContentProviderNative.java:497)
08-11 10:09:10.816 21506 21570 E AndroidRuntime: 	at android.content.ContentProviderClient.lambda$query$1(ContentProviderClient.java:370)
08-11 10:09:10.816 21506 21570 E AndroidRuntime: 	at android.content.ContentProviderClient.$r8$lambda$XM3tFPA55ljHDptsaCJsFKE9eeU(ContentProviderClient.java:0)
08-11 10:09:10.816 21506 21570 E AndroidRuntime: 	at android.content.ContentProviderClient$$ExternalSyntheticLambda5.apply(D8$$SyntheticClass:0)
08-11 10:09:10.816 21506 21570 E AndroidRuntime: 	at android.content.ContentProviderClient.execute(ContentProviderClient.java:779)
08-11 10:09:10.816 21506 21570 E AndroidRuntime: 	at android.content.ContentProviderClient.query(ContentProviderClient.java:369)
08-11 10:09:10.816 21506 21570 E AndroidRuntime: 	at android.content.ContentProviderClient.query(ContentProviderClient.java:360)
08-11 10:09:10.816 21506 21570 E AndroidRuntime: 	at android.content.ContentProviderClient.query(ContentProviderClient.java:350)
08-11 10:09:10.816 21506 21570 E AndroidRuntime: 	at fefz.b(:com.google.android.gms@262434035@26.24.34 (260400-938041327):88)
08-11 10:09:10.816 21506 21570 E AndroidRuntime: 	at com.google.android.gms.people.sync.focus.SyncHighResPhotoIntentOperation.onHandleIntent(:com.google.android.gms@262434035@26.24.34 (260400-938041327):51)
08-11 10:09:10.816 21506 21570 E AndroidRuntime: 	at com.google.android.chimera.IntentOperation.onHandleIntent(:com.google.android.gms@262434035@26.24.34 (260400-938041327):1)
08-11 10:09:10.816 21506 21570 E AndroidRuntime: 	at bemu.onHandleIntent(:com.google.android.gms@262434035@26.24.34 (260400-938041327):88)
08-11 10:09:10.816 21506 21570 E AndroidRuntime: 	at abkp.run(:com.google.android.gms@262434035@26.24.34 (260400-938041327):58)
08-11 10:09:10.816 21506 21570 E AndroidRuntime: 	at abko.run(:com.google.android.gms@262434035@26.24.34 (260400-938041327):132)
08-11 10:09:10.816 21506 21570 E AndroidRuntime: 	at hgwo.run(:com.google.android.gms@262434035@26.24.34 (260400-938041327):23)
08-11 10:09:10.816 21506 21570 E AndroidRuntime: 	at java.util.concurrent.ThreadPoolExecutor.runWorker(ThreadPoolExecutor.java:1100)
08-11 10:09:10.816 21506 21570 E AndroidRuntime: 	at java.util.concurrent.ThreadPoolExecutor$Worker.run(ThreadPoolExecutor.java:624)
08-11 10:09:10.816 21506 21570 E AndroidRuntime: 	at java.lang.Thread.run(Thread.java:1572)
08-11 10:11:14.231 21815 21871 E AndroidRuntime: FATAL EXCEPTION: [com.google.android.gms.chimera.container.intentoperation.GmsIntentOperationChimeraService-Executor] idle
08-11 10:11:14.231 21815 21871 E AndroidRuntime: Process: com.google.android.gms, PID: 21815
08-11 10:11:14.231 21815 21871 E AndroidRuntime: java.lang.IllegalArgumentException: Invalid column photo_uri
08-11 10:11:14.231 21815 21871 E AndroidRuntime: 	at android.database.DatabaseUtils.readExceptionFromParcel(DatabaseUtils.java:207)
08-11 10:11:14.231 21815 21871 E AndroidRuntime: 	at android.database.DatabaseUtils.readExceptionFromParcel(DatabaseUtils.java:177)
08-11 10:11:14.231 21815 21871 E AndroidRuntime: 	at android.content.ContentProviderProxy.query(ContentProviderNative.java:497)
08-11 10:11:14.231 21815 21871 E AndroidRuntime: 	at android.content.ContentProviderClient.lambda$query$1(ContentProviderClient.java:370)
08-11 10:11:14.231 21815 21871 E AndroidRuntime: 	at android.content.ContentProviderClient.$r8$lambda$XM3tFPA55ljHDptsaCJsFKE9eeU(ContentProviderClient.java:0)
08-11 10:11:14.231 21815 21871 E AndroidRuntime: 	at android.content.ContentProviderClient$$ExternalSyntheticLambda5.apply(D8$$SyntheticClass:0)
08-11 10:11:14.231 21815 21871 E AndroidRuntime: 	at android.content.ContentProviderClient.execute(ContentProviderClient.java:779)
08-11 10:11:14.231 21815 21871 E AndroidRuntime: 	at android.content.ContentProviderClient.query(ContentProviderClient.java:369)
08-11 10:11:14.231 21815 21871 E AndroidRuntime: 	at android.content.ContentProviderClient.query(ContentProviderClient.java:360)
08-11 10:11:14.231 21815 21871 E AndroidRuntime: 	at android.content.ContentProviderClient.query(ContentProviderClient.java:350)
08-11 10:11:14.231 21815 21871 E AndroidRuntime: 	at fefz.b(:com.google.android.gms@262434035@26.24.34 (260400-938041327):88)
08-11 10:11:14.231 21815 21871 E AndroidRuntime: 	at com.google.android.gms.people.sync.focus.SyncHighResPhotoIntentOperation.onHandleIntent(:com.google.android.gms@262434035@26.24.34 (260400-938041327):51)
08-11 10:11:14.231 21815 21871 E AndroidRuntime: 	at com.google.android.chimera.IntentOperation.onHandleIntent(:com.google.android.gms@262434035@26.24.34 (260400-938041327):1)
08-11 10:11:14.231 21815 21871 E AndroidRuntime: 	at bemu.onHandleIntent(:com.google.android.gms@262434035@26.24.34 (260400-938041327):88)
08-11 10:11:14.231 21815 21871 E AndroidRuntime: 	at abkp.run(:com.google.android.gms@262434035@26.24.34 (260400-938041327):58)
08-11 10:11:14.231 21815 21871 E AndroidRuntime: 	at abko.run(:com.google.android.gms@262434035@26.24.34 (260400-938041327):132)
08-11 10:11:14.231 21815 21871 E AndroidRuntime: 	at hgwo.run(:com.google.android.gms@262434035@26.24.34 (260400-938041327):23)
08-11 10:11:14.231 21815 21871 E AndroidRuntime: 	at java.util.concurrent.ThreadPoolExecutor.runWorker(ThreadPoolExecutor.java:1100)
08-11 10:11:14.231 21815 21871 E AndroidRuntime: 	at java.util.concurrent.ThreadPoolExecutor$Worker.run(ThreadPoolExecutor.java:624)
08-11 10:11:14.231 21815 21871 E AndroidRuntime: 	at java.lang.Thread.run(Thread.java:1572)
08-11 10:13:38.938 21882 22122 E AndroidRuntime: FATAL EXCEPTION: [com.google.android.gms.chimera.container.intentoperation.GmsIntentOperationChimeraService-Executor] idle
08-11 10:13:38.938 21882 22122 E AndroidRuntime: Process: com.google.android.gms, PID: 21882
08-11 10:13:38.938 21882 22122 E AndroidRuntime: java.lang.IllegalArgumentException: Invalid column photo_uri
08-11 10:13:38.938 21882 22122 E AndroidRuntime: 	at android.database.DatabaseUtils.readExceptionFromParcel(DatabaseUtils.java:207)
08-11 10:13:38.938 21882 22122 E AndroidRuntime: 	at android.database.DatabaseUtils.readExceptionFromParcel(DatabaseUtils.java:177)
08-11 10:13:38.938 21882 22122 E AndroidRuntime: 	at android.content.ContentProviderProxy.query(ContentProviderNative.java:497)
08-11 10:13:38.938 21882 22122 E AndroidRuntime: 	at android.content.ContentProviderClient.lambda$query$1(ContentProviderClient.java:370)
08-11 10:13:38.938 21882 22122 E AndroidRuntime: 	at android.content.ContentProviderClient.$r8$lambda$XM3tFPA55ljHDptsaCJsFKE9eeU(ContentProviderClient.java:0)
08-11 10:13:38.938 21882 22122 E AndroidRuntime: 	at android.content.ContentProviderClient$$ExternalSyntheticLambda5.apply(D8$$SyntheticClass:0)
08-11 10:13:38.938 21882 22122 E AndroidRuntime: 	at android.content.ContentProviderClient.execute(ContentProviderClient.java:779)
08-11 10:13:38.938 21882 22122 E AndroidRuntime: 	at android.content.ContentProviderClient.query(ContentProviderClient.java:369)
08-11 10:13:38.938 21882 22122 E AndroidRuntime: 	at android.content.ContentProviderClient.query(ContentProviderClient.java:360)
08-11 10:13:38.938 21882 22122 E AndroidRuntime: 	at android.content.ContentProviderClient.query(ContentProviderClient.java:350)
08-11 10:13:38.938 21882 22122 E AndroidRuntime: 	at fefz.b(:com.google.android.gms@262434035@26.24.34 (260400-938041327):88)
08-11 10:13:38.938 21882 22122 E AndroidRuntime: 	at com.google.android.gms.people.sync.focus.SyncHighResPhotoIntentOperation.onHandleIntent(:com.google.android.gms@262434035@26.24.34 (260400-938041327):51)
08-11 10:13:38.938 21882 22122 E AndroidRuntime: 	at com.google.android.chimera.IntentOperation.onHandleIntent(:com.google.android.gms@262434035@26.24.34 (260400-938041327):1)
08-11 10:13:38.938 21882 22122 E AndroidRuntime: 	at bemu.onHandleIntent(:com.google.android.gms@262434035@26.24.34 (260400-938041327):88)
08-11 10:13:38.938 21882 22122 E AndroidRuntime: 	at abkp.run(:com.google.android.gms@262434035@26.24.34 (260400-938041327):58)
08-11 10:13:38.938 21882 22122 E AndroidRuntime: 	at abko.run(:com.google.android.gms@262434035@26.24.34 (260400-938041327):132)
08-11 10:13:38.938 21882 22122 E AndroidRuntime: 	at hgwo.run(:com.google.android.gms@262434035@26.24.34 (260400-938041327):23)
08-11 10:13:38.938 21882 22122 E AndroidRuntime: 	at java.util.concurrent.ThreadPoolExecutor.runWorker(ThreadPoolExecutor.java:1100)
08-11 10:13:38.938 21882 22122 E AndroidRuntime: 	at java.util.concurrent.ThreadPoolExecutor$Worker.run(ThreadPoolExecutor.java:624)
08-11 10:13:38.938 21882 22122 E AndroidRuntime: 	at java.lang.Thread.run(Thread.java:1572)
08-11 10:13:40.139 22289 22341 E AndroidRuntime: FATAL EXCEPTION: [com.google.android.gms.chimera.container.intentoperation.GmsIntentOperationChimeraService-Executor] idle
08-11 10:13:40.139 22289 22341 E AndroidRuntime: Process: com.google.android.gms, PID: 22289
08-11 10:13:40.139 22289 22341 E AndroidRuntime: java.lang.IllegalArgumentException: Invalid column photo_uri
08-11 10:13:40.139 22289 22341 E AndroidRuntime: 	at android.database.DatabaseUtils.readExceptionFromParcel(DatabaseUtils.java:207)
08-11 10:13:40.139 22289 22341 E AndroidRuntime: 	at android.database.DatabaseUtils.readExceptionFromParcel(DatabaseUtils.java:177)
08-11 10:13:40.139 22289 22341 E AndroidRuntime: 	at android.content.ContentProviderProxy.query(ContentProviderNative.java:497)
08-11 10:13:40.139 22289 22341 E AndroidRuntime: 	at android.content.ContentProviderClient.lambda$query$1(ContentProviderClient.java:370)
08-11 10:13:40.139 22289 22341 E AndroidRuntime: 	at android.content.ContentProviderClient.$r8$lambda$XM3tFPA55ljHDptsaCJsFKE9eeU(ContentProviderClient.java:0)
08-11 10:13:40.139 22289 22341 E AndroidRuntime: 	at android.content.ContentProviderClient$$ExternalSyntheticLambda5.apply(D8$$SyntheticClass:0)
08-11 10:13:40.139 22289 22341 E AndroidRuntime: 	at android.content.ContentProviderClient.execute(ContentProviderClient.java:779)
08-11 10:13:40.139 22289 22341 E AndroidRuntime: 	at android.content.ContentProviderClient.query(ContentProviderClient.java:369)
08-11 10:13:40.139 22289 22341 E AndroidRuntime: 	at android.content.ContentProviderClient.query(ContentProviderClient.java:360)
08-11 10:13:40.139 22289 22341 E AndroidRuntime: 	at android.content.ContentProviderClient.query(ContentProviderClient.java:350)
08-11 10:13:40.139 22289 22341 E AndroidRuntime: 	at fefz.b(:com.google.android.gms@262434035@26.24.34 (260400-938041327):88)
08-11 10:13:40.139 22289 22341 E AndroidRuntime: 	at com.google.android.gms.people.sync.focus.SyncHighResPhotoIntentOperation.onHandleIntent(:com.google.android.gms@262434035@26.24.34 (260400-938041327):51)
08-11 10:13:40.139 22289 22341 E AndroidRuntime: 	at com.google.android.chimera.IntentOperation.onHandleIntent(:com.google.android.gms@262434035@26.24.34 (260400-938041327):1)
08-11 10:13:40.139 22289 22341 E AndroidRuntime: 	at bemu.onHandleIntent(:com.google.android.gms@262434035@26.24.34 (260400-938041327):88)
08-11 10:13:40.139 22289 22341 E AndroidRuntime: 	at abkp.run(:com.google.android.gms@262434035@26.24.34 (260400-938041327):58)
08-11 10:13:40.139 22289 22341 E AndroidRuntime: 	at abko.run(:com.google.android.gms@262434035@26.24.34 (260400-938041327):132)
08-11 10:13:40.139 22289 22341 E AndroidRuntime: 	at hgwo.run(:com.google.android.gms@262434035@26.24.34 (260400-938041327):23)
08-11 10:13:40.139 22289 22341 E AndroidRuntime: 	at java.util.concurrent.ThreadPoolExecutor.runWorker(ThreadPoolExecutor.java:1100)
08-11 10:13:40.139 22289 22341 E AndroidRuntime: 	at java.util.concurrent.ThreadPoolExecutor$Worker.run(ThreadPoolExecutor.java:624)
08-11 10:13:40.139 22289 22341 E AndroidRuntime: 	at java.lang.Thread.run(Thread.java:1572)
08-11 10:36:27.091 22357 28667 E AndroidRuntime: FATAL EXCEPTION: [com.google.android.gms.chimera.container.intentoperation.GmsIntentOperationChimeraService-Executor] idle
08-11 10:36:27.091 22357 28667 E AndroidRuntime: Process: com.google.android.gms, PID: 22357
08-11 10:36:27.091 22357 28667 E AndroidRuntime: java.lang.IllegalArgumentException: Invalid column photo_uri
08-11 10:36:27.091 22357 28667 E AndroidRuntime: 	at android.database.DatabaseUtils.readExceptionFromParcel(DatabaseUtils.java:207)
08-11 10:36:27.091 22357 28667 E AndroidRuntime: 	at android.database.DatabaseUtils.readExceptionFromParcel(DatabaseUtils.java:177)
08-11 10:36:27.091 22357 28667 E AndroidRuntime: 	at android.content.ContentProviderProxy.query(ContentProviderNative.java:497)
08-11 10:36:27.091 22357 28667 E AndroidRuntime: 	at android.content.ContentProviderClient.lambda$query$1(ContentProviderClient.java:370)
08-11 10:36:27.091 22357 28667 E AndroidRuntime: 	at android.content.ContentProviderClient.$r8$lambda$XM3tFPA55ljHDptsaCJsFKE9eeU(ContentProviderClient.java:0)
08-11 10:36:27.091 22357 28667 E AndroidRuntime: 	at android.content.ContentProviderClient$$ExternalSyntheticLambda5.apply(D8$$SyntheticClass:0)
08-11 10:36:27.091 22357 28667 E AndroidRuntime: 	at android.content.ContentProviderClient.execute(ContentProviderClient.java:779)
08-11 10:36:27.091 22357 28667 E AndroidRuntime: 	at android.content.ContentProviderClient.query(ContentProviderClient.java:369)
08-11 10:36:27.091 22357 28667 E AndroidRuntime: 	at android.content.ContentProviderClient.query(ContentProviderClient.java:360)
08-11 10:36:27.091 22357 28667 E AndroidRuntime: 	at android.content.ContentProviderClient.query(ContentProviderClient.java:350)
08-11 10:36:27.091 22357 28667 E AndroidRuntime: 	at fefz.b(:com.google.android.gms@262434035@26.24.34 (260400-938041327):88)
08-11 10:36:27.091 22357 28667 E AndroidRuntime: 	at com.google.android.gms.people.sync.focus.SyncHighResPhotoIntentOperation.onHandleIntent(:com.google.android.gms@262434035@26.24.34 (260400-938041327):51)
08-11 10:36:27.091 22357 28667 E AndroidRuntime: 	at com.google.android.chimera.IntentOperation.onHandleIntent(:com.google.android.gms@262434035@26.24.34 (260400-938041327):1)
08-11 10:36:27.091 22357 28667 E AndroidRuntime: 	at bemu.onHandleIntent(:com.google.android.gms@262434035@26.24.34 (260400-938041327):88)
08-11 10:36:27.091 22357 28667 E AndroidRuntime: 	at abkp.run(:com.google.android.gms@262434035@26.24.34 (260400-938041327):58)
08-11 10:36:27.091 22357 28667 E AndroidRuntime: 	at abko.run(:com.google.android.gms@262434035@26.24.34 (260400-938041327):132)
08-11 10:36:27.091 22357 28667 E AndroidRuntime: 	at hgwo.run(:com.google.android.gms@262434035@26.24.34 (260400-938041327):23)
08-11 10:36:27.091 22357 28667 E AndroidRuntime: 	at java.util.concurrent.ThreadPoolExecutor.runWorker(ThreadPoolExecutor.java:1100)
08-11 10:36:27.091 22357 28667 E AndroidRuntime: 	at java.util.concurrent.ThreadPoolExecutor$Worker.run(ThreadPoolExecutor.java:624)
08-11 10:36:27.091 22357 28667 E AndroidRuntime: 	at java.lang.Thread.run(Thread.java:1572)
08-11 10:37:31.302 28756 29029 E AndroidRuntime: FATAL EXCEPTION: [com.google.android.gms.chimera.container.intentoperation.GmsIntentOperationChimeraService-Executor] idle
08-11 10:37:31.302 28756 29029 E AndroidRuntime: Process: com.google.android.gms, PID: 28756
08-11 10:37:31.302 28756 29029 E AndroidRuntime: java.lang.IllegalArgumentException: Invalid column photo_uri
08-11 10:37:31.302 28756 29029 E AndroidRuntime: 	at android.database.DatabaseUtils.readExceptionFromParcel(DatabaseUtils.java:207)
08-11 10:37:31.302 28756 29029 E AndroidRuntime: 	at android.database.DatabaseUtils.readExceptionFromParcel(DatabaseUtils.java:177)
08-11 10:37:31.302 28756 29029 E AndroidRuntime: 	at android.content.ContentProviderProxy.query(ContentProviderNative.java:497)
08-11 10:37:31.302 28756 29029 E AndroidRuntime: 	at android.content.ContentProviderClient.lambda$query$1(ContentProviderClient.java:370)
08-11 10:37:31.302 28756 29029 E AndroidRuntime: 	at android.content.ContentProviderClient.$r8$lambda$XM3tFPA55ljHDptsaCJsFKE9eeU(ContentProviderClient.java:0)
08-11 10:37:31.302 28756 29029 E AndroidRuntime: 	at android.content.ContentProviderClient$$ExternalSyntheticLambda5.apply(D8$$SyntheticClass:0)
08-11 10:37:31.302 28756 29029 E AndroidRuntime: 	at android.content.ContentProviderClient.execute(ContentProviderClient.java:779)
08-11 10:37:31.302 28756 29029 E AndroidRuntime: 	at android.content.ContentProviderClient.query(ContentProviderClient.java:369)
08-11 10:37:31.302 28756 29029 E AndroidRuntime: 	at android.content.ContentProviderClient.query(ContentProviderClient.java:360)
08-11 10:37:31.302 28756 29029 E AndroidRuntime: 	at android.content.ContentProviderClient.query(ContentProviderClient.java:350)
08-11 10:37:31.302 28756 29029 E AndroidRuntime: 	at fefz.b(:com.google.android.gms@262434035@26.24.34 (260400-938041327):88)
08-11 10:37:31.302 28756 29029 E AndroidRuntime: 	at com.google.android.gms.people.sync.focus.SyncHighResPhotoIntentOperation.onHandleIntent(:com.google.android.gms@262434035@26.24.34 (260400-938041327):51)
08-11 10:37:31.302 28756 29029 E AndroidRuntime: 	at com.google.android.chimera.IntentOperation.onHandleIntent(:com.google.android.gms@262434035@26.24.34 (260400-938041327):1)
08-11 10:37:31.302 28756 29029 E AndroidRuntime: 	at bemu.onHandleIntent(:com.google.android.gms@262434035@26.24.34 (260400-938041327):88)
08-11 10:37:31.302 28756 29029 E AndroidRuntime: 	at abkp.run(:com.google.android.gms@262434035@26.24.34 (260400-938041327):58)
08-11 10:37:31.302 28756 29029 E AndroidRuntime: 	at abko.run(:com.google.android.gms@262434035@26.24.34 (260400-938041327):132)
08-11 10:37:31.302 28756 29029 E AndroidRuntime: 	at hgwo.run(:com.google.android.gms@262434035@26.24.34 (260400-938041327):23)
08-11 10:37:31.302 28756 29029 E AndroidRuntime: 	at java.util.concurrent.ThreadPoolExecutor.runWorker(ThreadPoolExecutor.java:1100)
08-11 10:37:31.302 28756 29029 E AndroidRuntime: 	at java.util.concurrent.ThreadPoolExecutor$Worker.run(ThreadPoolExecutor.java:624)
08-11 10:37:31.302 28756 29029 E AndroidRuntime: 	at java.lang.Thread.run(Thread.java:1572)
08-11 10:37:42.801 29090 29135 E AndroidRuntime: FATAL EXCEPTION: [com.google.android.gms.chimera.container.intentoperation.GmsIntentOperationChimeraService-Executor] idle
08-11 10:37:42.801 29090 29135 E AndroidRuntime: Process: com.google.android.gms, PID: 29090
08-11 10:37:42.801 29090 29135 E AndroidRuntime: java.lang.IllegalArgumentException: Invalid column photo_uri
08-11 10:37:42.801 29090 29135 E AndroidRuntime: 	at android.database.DatabaseUtils.readExceptionFromParcel(DatabaseUtils.java:207)
08-11 10:37:42.801 29090 29135 E AndroidRuntime: 	at android.database.DatabaseUtils.readExceptionFromParcel(DatabaseUtils.java:177)
08-11 10:37:42.801 29090 29135 E AndroidRuntime: 	at android.content.ContentProviderProxy.query(ContentProviderNative.java:497)
08-11 10:37:42.801 29090 29135 E AndroidRuntime: 	at android.content.ContentProviderClient.lambda$query$1(ContentProviderClient.java:370)
08-11 10:37:42.801 29090 29135 E AndroidRuntime: 	at android.content.ContentProviderClient.$r8$lambda$XM3tFPA55ljHDptsaCJsFKE9eeU(ContentProviderClient.java:0)
08-11 10:37:42.801 29090 29135 E AndroidRuntime: 	at android.content.ContentProviderClient$$ExternalSyntheticLambda5.apply(D8$$SyntheticClass:0)
08-11 10:37:42.801 29090 29135 E AndroidRuntime: 	at android.content.ContentProviderClient.execute(ContentProviderClient.java:779)
08-11 10:37:42.801 29090 29135 E AndroidRuntime: 	at android.content.ContentProviderClient.query(ContentProviderClient.java:369)
08-11 10:37:42.801 29090 29135 E AndroidRuntime: 	at android.content.ContentProviderClient.query(ContentProviderClient.java:360)
08-11 10:37:42.801 29090 29135 E AndroidRuntime: 	at android.content.ContentProviderClient.query(ContentProviderClient.java:350)
08-11 10:37:42.801 29090 29135 E AndroidRuntime: 	at fefz.b(:com.google.android.gms@262434035@26.24.34 (260400-938041327):88)
08-11 10:37:42.801 29090 29135 E AndroidRuntime: 	at com.google.android.gms.people.sync.focus.SyncHighResPhotoIntentOperation.onHandleIntent(:com.google.android.gms@262434035@26.24.34 (260400-938041327):51)
08-11 10:37:42.801 29090 29135 E AndroidRuntime: 	at com.google.android.chimera.IntentOperation.onHandleIntent(:com.google.android.gms@262434035@26.24.34 (260400-938041327):1)
08-11 10:37:42.801 29090 29135 E AndroidRuntime: 	at bemu.onHandleIntent(:com.google.android.gms@262434035@26.24.34 (260400-938041327):88)
08-11 10:37:42.801 29090 29135 E AndroidRuntime: 	at abkp.run(:com.google.android.gms@262434035@26.24.34 (260400-938041327):58)
08-11 10:37:42.801 29090 29135 E AndroidRuntime: 	at abko.run(:com.google.android.gms@262434035@26.24.34 (260400-938041327):132)
08-11 10:37:42.801 29090 29135 E AndroidRuntime: 	at hgwo.run(:com.google.android.gms@262434035@26.24.34 (260400-938041327):23)
08-11 10:37:42.801 29090 29135 E AndroidRuntime: 	at java.util.concurrent.ThreadPoolExecutor.runWorker(ThreadPoolExecutor.java:1100)
08-11 10:37:42.801 29090 29135 E AndroidRuntime: 	at java.util.concurrent.ThreadPoolExecutor$Worker.run(ThreadPoolExecutor.java:624)
08-11 10:37:42.801 29090 29135 E AndroidRuntime: 	at java.lang.Thread.run(Thread.java:1572)
08-11 11:16:42.216  2153  2680 E AndroidRuntime: FATAL EXCEPTION: [com.google.android.gms.chimera.container.intentoperation.GmsIntentOperationChimeraService-Executor] idle
08-11 11:16:42.216  2153  2680 E AndroidRuntime: Process: com.google.android.gms, PID: 2153
08-11 11:16:42.216  2153  2680 E AndroidRuntime: java.lang.IllegalArgumentException: Invalid column photo_uri
08-11 11:16:42.216  2153  2680 E AndroidRuntime: 	at android.database.DatabaseUtils.readExceptionFromParcel(DatabaseUtils.java:207)
08-11 11:16:42.216  2153  2680 E AndroidRuntime: 	at android.database.DatabaseUtils.readExceptionFromParcel(DatabaseUtils.java:177)
08-11 11:16:42.216  2153  2680 E AndroidRuntime: 	at android.content.ContentProviderProxy.query(ContentProviderNative.java:497)
08-11 11:16:42.216  2153  2680 E AndroidRuntime: 	at android.content.ContentProviderClient.lambda$query$1(ContentProviderClient.java:370)
08-11 11:16:42.216  2153  2680 E AndroidRuntime: 	at android.content.ContentProviderClient.$r8$lambda$XM3tFPA55ljHDptsaCJsFKE9eeU(ContentProviderClient.java:0)
08-11 11:16:42.216  2153  2680 E AndroidRuntime: 	at android.content.ContentProviderClient$$ExternalSyntheticLambda5.apply(D8$$SyntheticClass:0)
08-11 11:16:42.216  2153  2680 E AndroidRuntime: 	at android.content.ContentProviderClient.execute(ContentProviderClient.java:779)
08-11 11:16:42.216  2153  2680 E AndroidRuntime: 	at android.content.ContentProviderClient.query(ContentProviderClient.java:369)
08-11 11:16:42.216  2153  2680 E AndroidRuntime: 	at android.content.ContentProviderClient.query(ContentProviderClient.java:360)
08-11 11:16:42.216  2153  2680 E AndroidRuntime: 	at android.content.ContentProviderClient.query(ContentProviderClient.java:350)
08-11 11:16:42.216  2153  2680 E AndroidRuntime: 	at fefz.b(:com.google.android.gms@262434035@26.24.34 (260400-938041327):88)
08-11 11:16:42.216  2153  2680 E AndroidRuntime: 	at com.google.android.gms.people.sync.focus.SyncHighResPhotoIntentOperation.onHandleIntent(:com.google.android.gms@262434035@26.24.34 (260400-938041327):51)
08-11 11:16:42.216  2153  2680 E AndroidRuntime: 	at com.google.android.chimera.IntentOperation.onHandleIntent(:com.google.android.gms@262434035@26.24.34 (260400-938041327):1)
08-11 11:16:42.216  2153  2680 E AndroidRuntime: 	at bemu.onHandleIntent(:com.google.android.gms@262434035@26.24.34 (260400-938041327):88)
08-11 11:16:42.216  2153  2680 E AndroidRuntime: 	at abkp.run(:com.google.android.gms@262434035@26.24.34 (260400-938041327):58)
08-11 11:16:42.216  2153  2680 E AndroidRuntime: 	at abko.run(:com.google.android.gms@262434035@26.24.34 (260400-938041327):132)
08-11 11:16:42.216  2153  2680 E AndroidRuntime: 	at hgwo.run(:com.google.android.gms@262434035@26.24.34 (260400-938041327):23)
08-11 11:16:42.216  2153  2680 E AndroidRuntime: 	at java.util.concurrent.ThreadPoolExecutor.runWorker(ThreadPoolExecutor.java:1100)
08-11 11:16:42.216  2153  2680 E AndroidRuntime: 	at java.util.concurrent.ThreadPoolExecutor$Worker.run(ThreadPoolExecutor.java:624)
08-11 11:16:42.216  2153  2680 E AndroidRuntime: 	at java.lang.Thread.run(Thread.java:1572)
08-11 11:16:44.371  2713  2866 E AndroidRuntime: FATAL EXCEPTION: [com.google.android.gms.chimera.container.intentoperation.GmsIntentOperationChimeraService-Executor] idle
08-11 11:16:44.371  2713  2866 E AndroidRuntime: Process: com.google.android.gms, PID: 2713
08-11 11:16:44.371  2713  2866 E AndroidRuntime: java.lang.IllegalArgumentException: Invalid column photo_uri
08-11 11:16:44.371  2713  2866 E AndroidRuntime: 	at android.database.DatabaseUtils.readExceptionFromParcel(DatabaseUtils.java:207)
08-11 11:16:44.371  2713  2866 E AndroidRuntime: 	at android.database.DatabaseUtils.readExceptionFromParcel(DatabaseUtils.java:177)
08-11 11:16:44.371  2713  2866 E AndroidRuntime: 	at android.content.ContentProviderProxy.query(ContentProviderNative.java:497)
08-11 11:16:44.371  2713  2866 E AndroidRuntime: 	at android.content.ContentProviderClient.lambda$query$1(ContentProviderClient.java:370)
08-11 11:16:44.371  2713  2866 E AndroidRuntime: 	at android.content.ContentProviderClient.$r8$lambda$XM3tFPA55ljHDptsaCJsFKE9eeU(ContentProviderClient.java:0)
08-11 11:16:44.371  2713  2866 E AndroidRuntime: 	at android.content.ContentProviderClient$$ExternalSyntheticLambda5.apply(D8$$SyntheticClass:0)
08-11 11:16:44.371  2713  2866 E AndroidRuntime: 	at android.content.ContentProviderClient.execute(ContentProviderClient.java:779)
08-11 11:16:44.371  2713  2866 E AndroidRuntime: 	at android.content.ContentProviderClient.query(ContentProviderClient.java:369)
08-11 11:16:44.371  2713  2866 E AndroidRuntime: 	at android.content.ContentProviderClient.query(ContentProviderClient.java:360)
08-11 11:16:44.371  2713  2866 E AndroidRuntime: 	at android.content.ContentProviderClient.query(ContentProviderClient.java:350)
08-11 11:16:44.371  2713  2866 E AndroidRuntime: 	at fefz.b(:com.google.android.gms@262434035@26.24.34 (260400-938041327):88)
08-11 11:16:44.371  2713  2866 E AndroidRuntime: 	at com.google.android.gms.people.sync.focus.SyncHighResPhotoIntentOperation.onHandleIntent(:com.google.android.gms@262434035@26.24.34 (260400-938041327):51)
08-11 11:16:44.371  2713  2866 E AndroidRuntime: 	at com.google.android.chimera.IntentOperation.onHandleIntent(:com.google.android.gms@262434035@26.24.34 (260400-938041327):1)
08-11 11:16:44.371  2713  2866 E AndroidRuntime: 	at bemu.onHandleIntent(:com.google.android.gms@262434035@26.24.34 (260400-938041327):88)
08-11 11:16:44.371  2713  2866 E AndroidRuntime: 	at abkp.run(:com.google.android.gms@262434035@26.24.34 (260400-938041327):58)
08-11 11:16:44.371  2713  2866 E AndroidRuntime: 	at abko.run(:com.google.android.gms@262434035@26.24.34 (260400-938041327):132)
08-11 11:16:44.371  2713  2866 E AndroidRuntime: 	at hgwo.run(:com.google.android.gms@262434035@26.24.34 (260400-938041327):23)
08-11 11:16:44.371  2713  2866 E AndroidRuntime: 	at java.util.concurrent.ThreadPoolExecutor.runWorker(ThreadPoolExecutor.java:1100)
08-11 11:16:44.371  2713  2866 E AndroidRuntime: 	at java.util.concurrent.ThreadPoolExecutor$Worker.run(ThreadPoolExecutor.java:624)
08-11 11:16:44.371  2713  2866 E AndroidRuntime: 	at java.lang.Thread.run(Thread.java:1572)
08-11 11:16:48.840  2926  2967 E AndroidRuntime: FATAL EXCEPTION: [com.google.android.gms.chimera.container.intentoperation.GmsIntentOperationChimeraService-Executor] idle
08-11 11:16:48.840  2926  2967 E AndroidRuntime: Process: com.google.android.gms, PID: 2926
08-11 11:16:48.840  2926  2967 E AndroidRuntime: java.lang.IllegalArgumentException: Invalid column photo_uri
08-11 11:16:48.840  2926  2967 E AndroidRuntime: 	at android.database.DatabaseUtils.readExceptionFromParcel(DatabaseUtils.java:207)
08-11 11:16:48.840  2926  2967 E AndroidRuntime: 	at android.database.DatabaseUtils.readExceptionFromParcel(DatabaseUtils.java:177)
08-11 11:16:48.840  2926  2967 E AndroidRuntime: 	at android.content.ContentProviderProxy.query(ContentProviderNative.java:497)
08-11 11:16:48.840  2926  2967 E AndroidRuntime: 	at android.content.ContentProviderClient.lambda$query$1(ContentProviderClient.java:370)
08-11 11:16:48.840  2926  2967 E AndroidRuntime: 	at android.content.ContentProviderClient.$r8$lambda$XM3tFPA55ljHDptsaCJsFKE9eeU(ContentProviderClient.java:0)
08-11 11:16:48.840  2926  2967 E AndroidRuntime: 	at android.content.ContentProviderClient$$ExternalSyntheticLambda5.apply(D8$$SyntheticClass:0)
08-11 11:16:48.840  2926  2967 E AndroidRuntime: 	at android.content.ContentProviderClient.execute(ContentProviderClient.java:779)
08-11 11:16:48.840  2926  2967 E AndroidRuntime: 	at android.content.ContentProviderClient.query(ContentProviderClient.java:369)
08-11 11:16:48.840  2926  2967 E AndroidRuntime: 	at android.content.ContentProviderClient.query(ContentProviderClient.java:360)
08-11 11:16:48.840  2926  2967 E AndroidRuntime: 	at android.content.ContentProviderClient.query(ContentProviderClient.java:350)
08-11 11:16:48.840  2926  2967 E AndroidRuntime: 	at fefz.b(:com.google.android.gms@262434035@26.24.34 (260400-938041327):88)
08-11 11:16:48.840  2926  2967 E AndroidRuntime: 	at com.google.android.gms.people.sync.focus.SyncHighResPhotoIntentOperation.onHandleIntent(:com.google.android.gms@262434035@26.24.34 (260400-938041327):51)
08-11 11:16:48.840  2926  2967 E AndroidRuntime: 	at com.google.android.chimera.IntentOperation.onHandleIntent(:com.google.android.gms@262434035@26.24.34 (260400-938041327):1)
08-11 11:16:48.840  2926  2967 E AndroidRuntime: 	at bemu.onHandleIntent(:com.google.android.gms@262434035@26.24.34 (260400-938041327):88)
08-11 11:16:48.840  2926  2967 E AndroidRuntime: 	at abkp.run(:com.google.android.gms@262434035@26.24.34 (260400-938041327):58)
08-11 11:16:48.840  2926  2967 E AndroidRuntime: 	at abko.run(:com.google.android.gms@262434035@26.24.34 (260400-938041327):132)
08-11 11:16:48.840  2926  2967 E AndroidRuntime: 	at hgwo.run(:com.google.android.gms@262434035@26.24.34 (260400-938041327):23)
08-11 11:16:48.840  2926  2967 E AndroidRuntime: 	at java.util.concurrent.ThreadPoolExecutor.runWorker(ThreadPoolExecutor.java:1100)
08-11 11:16:48.840  2926  2967 E AndroidRuntime: 	at java.util.concurrent.ThreadPoolExecutor$Worker.run(ThreadPoolExecutor.java:624)
08-11 11:16:48.840  2926  2967 E AndroidRuntime: 	at java.lang.Thread.run(Thread.java:1572)
08-11 11:19:54.975  2979  3783 E AndroidRuntime: FATAL EXCEPTION: [com.google.android.gms.chimera.container.intentoperation.GmsIntentOperationChimeraService-Executor] idle
08-11 11:19:54.975  2979  3783 E AndroidRuntime: Process: com.google.android.gms, PID: 2979
08-11 11:19:54.975  2979  3783 E AndroidRuntime: java.lang.IllegalArgumentException: Invalid column photo_uri
08-11 11:19:54.975  2979  3783 E AndroidRuntime: 	at android.database.DatabaseUtils.readExceptionFromParcel(DatabaseUtils.java:207)
08-11 11:19:54.975  2979  3783 E AndroidRuntime: 	at android.database.DatabaseUtils.readExceptionFromParcel(DatabaseUtils.java:177)
08-11 11:19:54.975  2979  3783 E AndroidRuntime: 	at android.content.ContentProviderProxy.query(ContentProviderNative.java:497)
08-11 11:19:54.975  2979  3783 E AndroidRuntime: 	at android.content.ContentProviderClient.lambda$query$1(ContentProviderClient.java:370)
08-11 11:19:54.975  2979  3783 E AndroidRuntime: 	at android.content.ContentProviderClient.$r8$lambda$XM3tFPA55ljHDptsaCJsFKE9eeU(ContentProviderClient.java:0)
08-11 11:19:54.975  2979  3783 E AndroidRuntime: 	at android.content.ContentProviderClient$$ExternalSyntheticLambda5.apply(D8$$SyntheticClass:0)
08-11 11:19:54.975  2979  3783 E AndroidRuntime: 	at android.content.ContentProviderClient.execute(ContentProviderClient.java:779)
08-11 11:19:54.975  2979  3783 E AndroidRuntime: 	at android.content.ContentProviderClient.query(ContentProviderClient.java:369)
08-11 11:19:54.975  2979  3783 E AndroidRuntime: 	at android.content.ContentProviderClient.query(ContentProviderClient.java:360)
08-11 11:19:54.975  2979  3783 E AndroidRuntime: 	at android.content.ContentProviderClient.query(ContentProviderClient.java:350)
08-11 11:19:54.975  2979  3783 E AndroidRuntime: 	at fefz.b(:com.google.android.gms@262434035@26.24.34 (260400-938041327):88)
08-11 11:19:54.975  2979  3783 E AndroidRuntime: 	at com.google.android.gms.people.sync.focus.SyncHighResPhotoIntentOperation.onHandleIntent(:com.google.android.gms@262434035@26.24.34 (260400-938041327):51)
08-11 11:19:54.975  2979  3783 E AndroidRuntime: 	at com.google.android.chimera.IntentOperation.onHandleIntent(:com.google.android.gms@262434035@26.24.34 (260400-938041327):1)
08-11 11:19:54.975  2979  3783 E AndroidRuntime: 	at bemu.onHandleIntent(:com.google.android.gms@262434035@26.24.34 (260400-938041327):88)
08-11 11:19:54.975  2979  3783 E AndroidRuntime: 	at abkp.run(:com.google.android.gms@262434035@26.24.34 (260400-938041327):58)
08-11 11:19:54.975  2979  3783 E AndroidRuntime: 	at abko.run(:com.google.android.gms@262434035@26.24.34 (260400-938041327):132)
08-11 11:19:54.975  2979  3783 E AndroidRuntime: 	at hgwo.run(:com.google.android.gms@262434035@26.24.34 (260400-938041327):23)
08-11 11:19:54.975  2979  3783 E AndroidRuntime: 	at java.util.concurrent.ThreadPoolExecutor.runWorker(ThreadPoolExecutor.java:1100)
08-11 11:19:54.975  2979  3783 E AndroidRuntime: 	at java.util.concurrent.ThreadPoolExecutor$Worker.run(ThreadPoolExecutor.java:624)
08-11 11:19:54.975  2979  3783 E AndroidRuntime: 	at java.lang.Thread.run(Thread.java:1572)
08-11 11:26:34.681  4143  5183 E AndroidRuntime: FATAL EXCEPTION: [com.google.android.gms.chimera.container.intentoperation.GmsIntentOperationChimeraService-Executor] idle
08-11 11:26:34.681  4143  5183 E AndroidRuntime: Process: com.google.android.gms, PID: 4143
08-11 11:26:34.681  4143  5183 E AndroidRuntime: java.lang.IllegalArgumentException: Invalid column photo_uri
08-11 11:26:34.681  4143  5183 E AndroidRuntime: 	at android.database.DatabaseUtils.readExceptionFromParcel(DatabaseUtils.java:207)
08-11 11:26:34.681  4143  5183 E AndroidRuntime: 	at android.database.DatabaseUtils.readExceptionFromParcel(DatabaseUtils.java:177)
08-11 11:26:34.681  4143  5183 E AndroidRuntime: 	at android.content.ContentProviderProxy.query(ContentProviderNative.java:497)
08-11 11:26:34.681  4143  5183 E AndroidRuntime: 	at android.content.ContentProviderClient.lambda$query$1(ContentProviderClient.java:370)
08-11 11:26:34.681  4143  5183 E AndroidRuntime: 	at android.content.ContentProviderClient.$r8$lambda$XM3tFPA55ljHDptsaCJsFKE9eeU(ContentProviderClient.java:0)
08-11 11:26:34.681  4143  5183 E AndroidRuntime: 	at android.content.ContentProviderClient$$ExternalSyntheticLambda5.apply(D8$$SyntheticClass:0)
08-11 11:26:34.681  4143  5183 E AndroidRuntime: 	at android.content.ContentProviderClient.execute(ContentProviderClient.java:779)
08-11 11:26:34.681  4143  5183 E AndroidRuntime: 	at android.content.ContentProviderClient.query(ContentProviderClient.java:369)
08-11 11:26:34.681  4143  5183 E AndroidRuntime: 	at android.content.ContentProviderClient.query(ContentProviderClient.java:360)
08-11 11:26:34.681  4143  5183 E AndroidRuntime: 	at android.content.ContentProviderClient.query(ContentProviderClient.java:350)
08-11 11:26:34.681  4143  5183 E AndroidRuntime: 	at fefz.b(:com.google.android.gms@262434035@26.24.34 (260400-938041327):88)
08-11 11:26:34.681  4143  5183 E AndroidRuntime: 	at com.google.android.gms.people.sync.focus.SyncHighResPhotoIntentOperation.onHandleIntent(:com.google.android.gms@262434035@26.24.34 (260400-938041327):51)
08-11 11:26:34.681  4143  5183 E AndroidRuntime: 	at com.google.android.chimera.IntentOperation.onHandleIntent(:com.google.android.gms@262434035@26.24.34 (260400-938041327):1)
08-11 11:26:34.681  4143  5183 E AndroidRuntime: 	at bemu.onHandleIntent(:com.google.android.gms@262434035@26.24.34 (260400-938041327):88)
08-11 11:26:34.681  4143  5183 E AndroidRuntime: 	at abkp.run(:com.google.android.gms@262434035@26.24.34 (260400-938041327):58)
08-11 11:26:34.681  4143  5183 E AndroidRuntime: 	at abko.run(:com.google.android.gms@262434035@26.24.34 (260400-938041327):132)
08-11 11:26:34.681  4143  5183 E AndroidRuntime: 	at hgwo.run(:com.google.android.gms@262434035@26.24.34 (260400-938041327):23)
08-11 11:26:34.681  4143  5183 E AndroidRuntime: 	at java.util.concurrent.ThreadPoolExecutor.runWorker(ThreadPoolExecutor.java:1100)
08-11 11:26:34.681  4143  5183 E AndroidRuntime: 	at java.util.concurrent.ThreadPoolExecutor$Worker.run(ThreadPoolExecutor.java:624)
08-11 11:26:34.681  4143  5183 E AndroidRuntime: 	at java.lang.Thread.run(Thread.java:1572)
08-11 11:28:51.000  5228  5692 E AndroidRuntime: FATAL EXCEPTION: [com.google.android.gms.chimera.container.intentoperation.GmsIntentOperationChimeraService-Executor] idle
08-11 11:28:51.000  5228  5692 E AndroidRuntime: Process: com.google.android.gms, PID: 5228
08-11 11:28:51.000  5228  5692 E AndroidRuntime: java.lang.IllegalArgumentException: Invalid column photo_uri
08-11 11:28:51.000  5228  5692 E AndroidRuntime: 	at android.database.DatabaseUtils.readExceptionFromParcel(DatabaseUtils.java:207)
08-11 11:28:51.000  5228  5692 E AndroidRuntime: 	at android.database.DatabaseUtils.readExceptionFromParcel(DatabaseUtils.java:177)
08-11 11:28:51.000  5228  5692 E AndroidRuntime: 	at android.content.ContentProviderProxy.query(ContentProviderNative.java:497)
08-11 11:28:51.000  5228  5692 E AndroidRuntime: 	at android.content.ContentProviderClient.lambda$query$1(ContentProviderClient.java:370)
08-11 11:28:51.000  5228  5692 E AndroidRuntime: 	at android.content.ContentProviderClient.$r8$lambda$XM3tFPA55ljHDptsaCJsFKE9eeU(ContentProviderClient.java:0)
08-11 11:28:51.000  5228  5692 E AndroidRuntime: 	at android.content.ContentProviderClient$$ExternalSyntheticLambda5.apply(D8$$SyntheticClass:0)
08-11 11:28:51.000  5228  5692 E AndroidRuntime: 	at android.content.ContentProviderClient.execute(ContentProviderClient.java:779)
08-11 11:28:51.000  5228  5692 E AndroidRuntime: 	at android.content.ContentProviderClient.query(ContentProviderClient.java:369)
08-11 11:28:51.000  5228  5692 E AndroidRuntime: 	at android.content.ContentProviderClient.query(ContentProviderClient.java:360)
08-11 11:28:51.000  5228  5692 E AndroidRuntime: 	at android.content.ContentProviderClient.query(ContentProviderClient.java:350)
08-11 11:28:51.000  5228  5692 E AndroidRuntime: 	at fefz.b(:com.google.android.gms@262434035@26.24.34 (260400-938041327):88)
08-11 11:28:51.000  5228  5692 E AndroidRuntime: 	at com.google.android.gms.people.sync.focus.SyncHighResPhotoIntentOperation.onHandleIntent(:com.google.android.gms@262434035@26.24.34 (260400-938041327):51)
08-11 11:28:51.000  5228  5692 E AndroidRuntime: 	at com.google.android.chimera.IntentOperation.onHandleIntent(:com.google.android.gms@262434035@26.24.34 (260400-938041327):1)
08-11 11:28:51.000  5228  5692 E AndroidRuntime: 	at bemu.onHandleIntent(:com.google.android.gms@262434035@26.24.34 (260400-938041327):88)
08-11 11:28:51.000  5228  5692 E AndroidRuntime: 	at abkp.run(:com.google.android.gms@262434035@26.24.34 (260400-938041327):58)
08-11 11:28:51.000  5228  5692 E AndroidRuntime: 	at abko.run(:com.google.android.gms@262434035@26.24.34 (260400-938041327):132)
08-11 11:28:51.000  5228  5692 E AndroidRuntime: 	at hgwo.run(:com.google.android.gms@262434035@26.24.34 (260400-938041327):23)
08-11 11:28:51.000  5228  5692 E AndroidRuntime: 	at java.util.concurrent.ThreadPoolExecutor.runWorker(ThreadPoolExecutor.java:1100)
08-11 11:28:51.000  5228  5692 E AndroidRuntime: 	at java.util.concurrent.ThreadPoolExecutor$Worker.run(ThreadPoolExecutor.java:624)
08-11 11:28:51.000  5228  5692 E AndroidRuntime: 	at java.lang.Thread.run(Thread.java:1572)
08-11 11:28:53.091  5739  5822 E AndroidRuntime: FATAL EXCEPTION: [com.google.android.gms.chimera.container.intentoperation.GmsIntentOperationChimeraService-Executor] idle
08-11 11:28:53.091  5739  5822 E AndroidRuntime: Process: com.google.android.gms, PID: 5739
08-11 11:28:53.091  5739  5822 E AndroidRuntime: java.lang.IllegalArgumentException: Invalid column photo_uri
08-11 11:28:53.091  5739  5822 E AndroidRuntime: 	at android.database.DatabaseUtils.readExceptionFromParcel(DatabaseUtils.java:207)
08-11 11:28:53.091  5739  5822 E AndroidRuntime: 	at android.database.DatabaseUtils.readExceptionFromParcel(DatabaseUtils.java:177)
08-11 11:28:53.091  5739  5822 E AndroidRuntime: 	at android.content.ContentProviderProxy.query(ContentProviderNative.java:497)
08-11 11:28:53.091  5739  5822 E AndroidRuntime: 	at android.content.ContentProviderClient.lambda$query$1(ContentProviderClient.java:370)
08-11 11:28:53.091  5739  5822 E AndroidRuntime: 	at android.content.ContentProviderClient.$r8$lambda$XM3tFPA55ljHDptsaCJsFKE9eeU(ContentProviderClient.java:0)
08-11 11:28:53.091  5739  5822 E AndroidRuntime: 	at android.content.ContentProviderClient$$ExternalSyntheticLambda5.apply(D8$$SyntheticClass:0)
08-11 11:28:53.091  5739  5822 E AndroidRuntime: 	at android.content.ContentProviderClient.execute(ContentProviderClient.java:779)
08-11 11:28:53.091  5739  5822 E AndroidRuntime: 	at android.content.ContentProviderClient.query(ContentProviderClient.java:369)
08-11 11:28:53.091  5739  5822 E AndroidRuntime: 	at android.content.ContentProviderClient.query(ContentProviderClient.java:360)
08-11 11:28:53.091  5739  5822 E AndroidRuntime: 	at android.content.ContentProviderClient.query(ContentProviderClient.java:350)
08-11 11:28:53.091  5739  5822 E AndroidRuntime: 	at fefz.b(:com.google.android.gms@262434035@26.24.34 (260400-938041327):88)
08-11 11:28:53.091  5739  5822 E AndroidRuntime: 	at com.google.android.gms.people.sync.focus.SyncHighResPhotoIntentOperation.onHandleIntent(:com.google.android.gms@262434035@26.24.34 (260400-938041327):51)
08-11 11:28:53.091  5739  5822 E AndroidRuntime: 	at com.google.android.chimera.IntentOperation.onHandleIntent(:com.google.android.gms@262434035@26.24.34 (260400-938041327):1)
08-11 11:28:53.091  5739  5822 E AndroidRuntime: 	at bemu.onHandleIntent(:com.google.android.gms@262434035@26.24.34 (260400-938041327):88)
08-11 11:28:53.091  5739  5822 E AndroidRuntime: 	at abkp.run(:com.google.android.gms@262434035@26.24.34 (260400-938041327):58)
08-11 11:28:53.091  5739  5822 E AndroidRuntime: 	at abko.run(:com.google.android.gms@262434035@26.24.34 (260400-938041327):132)
08-11 11:28:53.091  5739  5822 E AndroidRuntime: 	at hgwo.run(:com.google.android.gms@262434035@26.24.34 (260400-938041327):23)
08-11 11:28:53.091  5739  5822 E AndroidRuntime: 	at java.util.concurrent.ThreadPoolExecutor.runWorker(ThreadPoolExecutor.java:1100)
08-11 11:28:53.091  5739  5822 E AndroidRuntime: 	at java.util.concurrent.ThreadPoolExecutor$Worker.run(ThreadPoolExecutor.java:624)
08-11 11:28:53.091  5739  5822 E AndroidRuntime: 	at java.lang.Thread.run(Thread.java:1572)
08-11 11:28:57.016  5845  5884 E AndroidRuntime: FATAL EXCEPTION: [com.google.android.gms.chimera.container.intentoperation.GmsIntentOperationChimeraService-Executor] idle
08-11 11:28:57.016  5845  5884 E AndroidRuntime: Process: com.google.android.gms, PID: 5845
08-11 11:28:57.016  5845  5884 E AndroidRuntime: java.lang.IllegalArgumentException: Invalid column photo_uri
08-11 11:28:57.016  5845  5884 E AndroidRuntime: 	at android.database.DatabaseUtils.readExceptionFromParcel(DatabaseUtils.java:207)
08-11 11:28:57.016  5845  5884 E AndroidRuntime: 	at android.database.DatabaseUtils.readExceptionFromParcel(DatabaseUtils.java:177)
08-11 11:28:57.016  5845  5884 E AndroidRuntime: 	at android.content.ContentProviderProxy.query(ContentProviderNative.java:497)
08-11 11:28:57.016  5845  5884 E AndroidRuntime: 	at android.content.ContentProviderClient.lambda$query$1(ContentProviderClient.java:370)
08-11 11:28:57.016  5845  5884 E AndroidRuntime: 	at android.content.ContentProviderClient.$r8$lambda$XM3tFPA55ljHDptsaCJsFKE9eeU(ContentProviderClient.java:0)
08-11 11:28:57.016  5845  5884 E AndroidRuntime: 	at android.content.ContentProviderClient$$ExternalSyntheticLambda5.apply(D8$$SyntheticClass:0)
08-11 11:28:57.016  5845  5884 E AndroidRuntime: 	at android.content.ContentProviderClient.execute(ContentProviderClient.java:779)
08-11 11:28:57.016  5845  5884 E AndroidRuntime: 	at android.content.ContentProviderClient.query(ContentProviderClient.java:369)
08-11 11:28:57.016  5845  5884 E AndroidRuntime: 	at android.content.ContentProviderClient.query(ContentProviderClient.java:360)
08-11 11:28:57.016  5845  5884 E AndroidRuntime: 	at android.content.ContentProviderClient.query(ContentProviderClient.java:350)
08-11 11:28:57.016  5845  5884 E AndroidRuntime: 	at fefz.b(:com.google.android.gms@262434035@26.24.34 (260400-938041327):88)
08-11 11:28:57.016  5845  5884 E AndroidRuntime: 	at com.google.android.gms.people.sync.focus.SyncHighResPhotoIntentOperation.onHandleIntent(:com.google.android.gms@262434035@26.24.34 (260400-938041327):51)
08-11 11:28:57.016  5845  5884 E AndroidRuntime: 	at com.google.android.chimera.IntentOperation.onHandleIntent(:com.google.android.gms@262434035@26.24.34 (260400-938041327):1)
08-11 11:28:57.016  5845  5884 E AndroidRuntime: 	at bemu.onHandleIntent(:com.google.android.gms@262434035@26.24.34 (260400-938041327):88)
08-11 11:28:57.016  5845  5884 E AndroidRuntime: 	at abkp.run(:com.google.android.gms@262434035@26.24.34 (260400-938041327):58)
08-11 11:28:57.016  5845  5884 E AndroidRuntime: 	at abko.run(:com.google.android.gms@262434035@26.24.34 (260400-938041327):132)
08-11 11:28:57.016  5845  5884 E AndroidRuntime: 	at hgwo.run(:com.google.android.gms@262434035@26.24.34 (260400-938041327):23)
08-11 11:28:57.016  5845  5884 E AndroidRuntime: 	at java.util.concurrent.ThreadPoolExecutor.runWorker(ThreadPoolExecutor.java:1100)
08-11 11:28:57.016  5845  5884 E AndroidRuntime: 	at java.util.concurrent.ThreadPoolExecutor$Worker.run(ThreadPoolExecutor.java:624)
08-11 11:28:57.016  5845  5884 E AndroidRuntime: 	at java.lang.Thread.run(Thread.java:1572)
08-11 11:29:01.936  5917  5965 E AndroidRuntime: FATAL EXCEPTION: [com.google.android.gms.chimera.container.intentoperation.GmsIntentOperationChimeraService-Executor] idle
08-11 11:29:01.936  5917  5965 E AndroidRuntime: Process: com.google.android.gms, PID: 5917
08-11 11:29:01.936  5917  5965 E AndroidRuntime: java.lang.IllegalArgumentException: Invalid column photo_uri
08-11 11:29:01.936  5917  5965 E AndroidRuntime: 	at android.database.DatabaseUtils.readExceptionFromParcel(DatabaseUtils.java:207)
08-11 11:29:01.936  5917  5965 E AndroidRuntime: 	at android.database.DatabaseUtils.readExceptionFromParcel(DatabaseUtils.java:177)
08-11 11:29:01.936  5917  5965 E AndroidRuntime: 	at android.content.ContentProviderProxy.query(ContentProviderNative.java:497)
08-11 11:29:01.936  5917  5965 E AndroidRuntime: 	at android.content.ContentProviderClient.lambda$query$1(ContentProviderClient.java:370)
08-11 11:29:01.936  5917  5965 E AndroidRuntime: 	at android.content.ContentProviderClient.$r8$lambda$XM3tFPA55ljHDptsaCJsFKE9eeU(ContentProviderClient.java:0)
08-11 11:29:01.936  5917  5965 E AndroidRuntime: 	at android.content.ContentProviderClient$$ExternalSyntheticLambda5.apply(D8$$SyntheticClass:0)
08-11 11:29:01.936  5917  5965 E AndroidRuntime: 	at android.content.ContentProviderClient.execute(ContentProviderClient.java:779)
08-11 11:29:01.936  5917  5965 E AndroidRuntime: 	at android.content.ContentProviderClient.query(ContentProviderClient.java:369)
08-11 11:29:01.936  5917  5965 E AndroidRuntime: 	at android.content.ContentProviderClient.query(ContentProviderClient.java:360)
08-11 11:29:01.936  5917  5965 E AndroidRuntime: 	at android.content.ContentProviderClient.query(ContentProviderClient.java:350)
08-11 11:29:01.936  5917  5965 E AndroidRuntime: 	at fefz.b(:com.google.android.gms@262434035@26.24.34 (260400-938041327):88)
08-11 11:29:01.936  5917  5965 E AndroidRuntime: 	at com.google.android.gms.people.sync.focus.SyncHighResPhotoIntentOperation.onHandleIntent(:com.google.android.gms@262434035@26.24.34 (260400-938041327):51)
08-11 11:29:01.936  5917  5965 E AndroidRuntime: 	at com.google.android.chimera.IntentOperation.onHandleIntent(:com.google.android.gms@262434035@26.24.34 (260400-938041327):1)
08-11 11:29:01.936  5917  5965 E AndroidRuntime: 	at bemu.onHandleIntent(:com.google.android.gms@262434035@26.24.34 (260400-938041327):88)
08-11 11:29:01.936  5917  5965 E AndroidRuntime: 	at abkp.run(:com.google.android.gms@262434035@26.24.34 (260400-938041327):58)
08-11 11:29:01.936  5917  5965 E AndroidRuntime: 	at abko.run(:com.google.android.gms@262434035@26.24.34 (260400-938041327):132)
08-11 11:29:01.936  5917  5965 E AndroidRuntime: 	at hgwo.run(:com.google.android.gms@262434035@26.24.34 (260400-938041327):23)
08-11 11:29:01.936  5917  5965 E AndroidRuntime: 	at java.util.concurrent.ThreadPoolExecutor.runWorker(ThreadPoolExecutor.java:1100)
08-11 11:29:01.936  5917  5965 E AndroidRuntime: 	at java.util.concurrent.ThreadPoolExecutor$Worker.run(ThreadPoolExecutor.java:624)
08-11 11:29:01.936  5917  5965 E AndroidRuntime: 	at java.lang.Thread.run(Thread.java:1572)
08-11 11:34:38.253  6951  7116 E AndroidRuntime: FATAL EXCEPTION: [com.google.android.gms.chimera.container.intentoperation.GmsIntentOperationChimeraService-Executor] idle
08-11 11:34:38.253  6951  7116 E AndroidRuntime: Process: com.google.android.gms, PID: 6951
08-11 11:34:38.253  6951  7116 E AndroidRuntime: java.lang.IllegalArgumentException: Invalid column photo_uri
08-11 11:34:38.253  6951  7116 E AndroidRuntime: 	at android.database.DatabaseUtils.readExceptionFromParcel(DatabaseUtils.java:207)
08-11 11:34:38.253  6951  7116 E AndroidRuntime: 	at android.database.DatabaseUtils.readExceptionFromParcel(DatabaseUtils.java:177)
08-11 11:34:38.253  6951  7116 E AndroidRuntime: 	at android.content.ContentProviderProxy.query(ContentProviderNative.java:497)
08-11 11:34:38.253  6951  7116 E AndroidRuntime: 	at android.content.ContentProviderClient.lambda$query$1(ContentProviderClient.java:370)
08-11 11:34:38.253  6951  7116 E AndroidRuntime: 	at android.content.ContentProviderClient.$r8$lambda$XM3tFPA55ljHDptsaCJsFKE9eeU(ContentProviderClient.java:0)
08-11 11:34:38.253  6951  7116 E AndroidRuntime: 	at android.content.ContentProviderClient$$ExternalSyntheticLambda5.apply(D8$$SyntheticClass:0)
08-11 11:34:38.253  6951  7116 E AndroidRuntime: 	at android.content.ContentProviderClient.execute(ContentProviderClient.java:779)
08-11 11:34:38.253  6951  7116 E AndroidRuntime: 	at android.content.ContentProviderClient.query(ContentProviderClient.java:369)
08-11 11:34:38.253  6951  7116 E AndroidRuntime: 	at android.content.ContentProviderClient.query(ContentProviderClient.java:360)
08-11 11:34:38.253  6951  7116 E AndroidRuntime: 	at android.content.ContentProviderClient.query(ContentProviderClient.java:350)
08-11 11:34:38.253  6951  7116 E AndroidRuntime: 	at fefz.b(:com.google.android.gms@262434035@26.24.34 (260400-938041327):88)
08-11 11:34:38.253  6951  7116 E AndroidRuntime: 	at com.google.android.gms.people.sync.focus.SyncHighResPhotoIntentOperation.onHandleIntent(:com.google.android.gms@262434035@26.24.34 (260400-938041327):51)
08-11 11:34:38.253  6951  7116 E AndroidRuntime: 	at com.google.android.chimera.IntentOperation.onHandleIntent(:com.google.android.gms@262434035@26.24.34 (260400-938041327):1)
08-11 11:34:38.253  6951  7116 E AndroidRuntime: 	at bemu.onHandleIntent(:com.google.android.gms@262434035@26.24.34 (260400-938041327):88)
08-11 11:34:38.253  6951  7116 E AndroidRuntime: 	at abkp.run(:com.google.android.gms@262434035@26.24.34 (260400-938041327):58)
08-11 11:34:38.253  6951  7116 E AndroidRuntime: 	at abko.run(:com.google.android.gms@262434035@26.24.34 (260400-938041327):132)
08-11 11:34:38.253  6951  7116 E AndroidRuntime: 	at hgwo.run(:com.google.android.gms@262434035@26.24.34 (260400-938041327):23)
08-11 11:34:38.253  6951  7116 E AndroidRuntime: 	at java.util.concurrent.ThreadPoolExecutor.runWorker(ThreadPoolExecutor.java:1100)
08-11 11:34:38.253  6951  7116 E AndroidRuntime: 	at java.util.concurrent.ThreadPoolExecutor$Worker.run(ThreadPoolExecutor.java:624)
08-11 11:34:38.253  6951  7116 E AndroidRuntime: 	at java.lang.Thread.run(Thread.java:1572)
08-11 11:35:59.777  7190  7441 E AndroidRuntime: FATAL EXCEPTION: [com.google.android.gms.chimera.container.intentoperation.GmsIntentOperationChimeraService-Executor] idle
08-11 11:35:59.777  7190  7441 E AndroidRuntime: Process: com.google.android.gms, PID: 7190
08-11 11:35:59.777  7190  7441 E AndroidRuntime: java.lang.IllegalArgumentException: Invalid column photo_uri
08-11 11:35:59.777  7190  7441 E AndroidRuntime: 	at android.database.DatabaseUtils.readExceptionFromParcel(DatabaseUtils.java:207)
08-11 11:35:59.777  7190  7441 E AndroidRuntime: 	at android.database.DatabaseUtils.readExceptionFromParcel(DatabaseUtils.java:177)
08-11 11:35:59.777  7190  7441 E AndroidRuntime: 	at android.content.ContentProviderProxy.query(ContentProviderNative.java:497)
08-11 11:35:59.777  7190  7441 E AndroidRuntime: 	at android.content.ContentProviderClient.lambda$query$1(ContentProviderClient.java:370)
08-11 11:35:59.777  7190  7441 E AndroidRuntime: 	at android.content.ContentProviderClient.$r8$lambda$XM3tFPA55ljHDptsaCJsFKE9eeU(ContentProviderClient.java:0)
08-11 11:35:59.777  7190  7441 E AndroidRuntime: 	at android.content.ContentProviderClient$$ExternalSyntheticLambda5.apply(D8$$SyntheticClass:0)
08-11 11:35:59.777  7190  7441 E AndroidRuntime: 	at android.content.ContentProviderClient.execute(ContentProviderClient.java:779)
08-11 11:35:59.777  7190  7441 E AndroidRuntime: 	at android.content.ContentProviderClient.query(ContentProviderClient.java:369)
08-11 11:35:59.777  7190  7441 E AndroidRuntime: 	at android.content.ContentProviderClient.query(ContentProviderClient.java:360)
08-11 11:35:59.777  7190  7441 E AndroidRuntime: 	at android.content.ContentProviderClient.query(ContentProviderClient.java:350)
08-11 11:35:59.777  7190  7441 E AndroidRuntime: 	at fefz.b(:com.google.android.gms@262434035@26.24.34 (260400-938041327):88)
08-11 11:35:59.777  7190  7441 E AndroidRuntime: 	at com.google.android.gms.people.sync.focus.SyncHighResPhotoIntentOperation.onHandleIntent(:com.google.android.gms@262434035@26.24.34 (260400-938041327):51)
08-11 11:35:59.777  7190  7441 E AndroidRuntime: 	at com.google.android.chimera.IntentOperation.onHandleIntent(:com.google.android.gms@262434035@26.24.34 (260400-938041327):1)
08-11 11:35:59.777  7190  7441 E AndroidRuntime: 	at bemu.onHandleIntent(:com.google.android.gms@262434035@26.24.34 (260400-938041327):88)
08-11 11:35:59.777  7190  7441 E AndroidRuntime: 	at abkp.run(:com.google.android.gms@262434035@26.24.34 (260400-938041327):58)
08-11 11:35:59.777  7190  7441 E AndroidRuntime: 	at abko.run(:com.google.android.gms@262434035@26.24.34 (260400-938041327):132)
08-11 11:35:59.777  7190  7441 E AndroidRuntime: 	at hgwo.run(:com.google.android.gms@262434035@26.24.34 (260400-938041327):23)
08-11 11:35:59.777  7190  7441 E AndroidRuntime: 	at java.util.concurrent.ThreadPoolExecutor.runWorker(ThreadPoolExecutor.java:1100)
08-11 11:35:59.777  7190  7441 E AndroidRuntime: 	at java.util.concurrent.ThreadPoolExecutor$Worker.run(ThreadPoolExecutor.java:624)
08-11 11:35:59.777  7190  7441 E AndroidRuntime: 	at java.lang.Thread.run(Thread.java:1572)
08-11 11:43:06.893  7614  8757 E AndroidRuntime: FATAL EXCEPTION: [com.google.android.gms.chimera.container.intentoperation.GmsIntentOperationChimeraService-Executor] idle
08-11 11:43:06.893  7614  8757 E AndroidRuntime: Process: com.google.android.gms, PID: 7614
08-11 11:43:06.893  7614  8757 E AndroidRuntime: java.lang.IllegalArgumentException: Invalid column photo_uri
08-11 11:43:06.893  7614  8757 E AndroidRuntime: 	at android.database.DatabaseUtils.readExceptionFromParcel(DatabaseUtils.java:207)
08-11 11:43:06.893  7614  8757 E AndroidRuntime: 	at android.database.DatabaseUtils.readExceptionFromParcel(DatabaseUtils.java:177)
08-11 11:43:06.893  7614  8757 E AndroidRuntime: 	at android.content.ContentProviderProxy.query(ContentProviderNative.java:497)
08-11 11:43:06.893  7614  8757 E AndroidRuntime: 	at android.content.ContentProviderClient.lambda$query$1(ContentProviderClient.java:370)
08-11 11:43:06.893  7614  8757 E AndroidRuntime: 	at android.content.ContentProviderClient.$r8$lambda$XM3tFPA55ljHDptsaCJsFKE9eeU(ContentProviderClient.java:0)
08-11 11:43:06.893  7614  8757 E AndroidRuntime: 	at android.content.ContentProviderClient$$ExternalSyntheticLambda5.apply(D8$$SyntheticClass:0)
08-11 11:43:06.893  7614  8757 E AndroidRuntime: 	at android.content.ContentProviderClient.execute(ContentProviderClient.java:779)
08-11 11:43:06.893  7614  8757 E AndroidRuntime: 	at android.content.ContentProviderClient.query(ContentProviderClient.java:369)
08-11 11:43:06.893  7614  8757 E AndroidRuntime: 	at android.content.ContentProviderClient.query(ContentProviderClient.java:360)
08-11 11:43:06.893  7614  8757 E AndroidRuntime: 	at android.content.ContentProviderClient.query(ContentProviderClient.java:350)
08-11 11:43:06.893  7614  8757 E AndroidRuntime: 	at fefz.b(:com.google.android.gms@262434035@26.24.34 (260400-938041327):88)
08-11 11:43:06.893  7614  8757 E AndroidRuntime: 	at com.google.android.gms.people.sync.focus.SyncHighResPhotoIntentOperation.onHandleIntent(:com.google.android.gms@262434035@26.24.34 (260400-938041327):51)
08-11 11:43:06.893  7614  8757 E AndroidRuntime: 	at com.google.android.chimera.IntentOperation.onHandleIntent(:com.google.android.gms@262434035@26.24.34 (260400-938041327):1)
08-11 11:43:06.893  7614  8757 E AndroidRuntime: 	at bemu.onHandleIntent(:com.google.android.gms@262434035@26.24.34 (260400-938041327):88)
08-11 11:43:06.893  7614  8757 E AndroidRuntime: 	at abkp.run(:com.google.android.gms@262434035@26.24.34 (260400-938041327):58)
08-11 11:43:06.893  7614  8757 E AndroidRuntime: 	at abko.run(:com.google.android.gms@262434035@26.24.34 (260400-938041327):132)
08-11 11:43:06.893  7614  8757 E AndroidRuntime: 	at hgwo.run(:com.google.android.gms@262434035@26.24.34 (260400-938041327):23)
08-11 11:43:06.893  7614  8757 E AndroidRuntime: 	at java.util.concurrent.ThreadPoolExecutor.runWorker(ThreadPoolExecutor.java:1100)
08-11 11:43:06.893  7614  8757 E AndroidRuntime: 	at java.util.concurrent.ThreadPoolExecutor$Worker.run(ThreadPoolExecutor.java:624)
08-11 11:43:06.893  7614  8757 E AndroidRuntime: 	at java.lang.Thread.run(Thread.java:1572)
08-11 11:43:07.859  8769  8809 E AndroidRuntime: FATAL EXCEPTION: [com.google.android.gms.chimera.container.intentoperation.GmsIntentOperationChimeraService-Executor] idle
08-11 11:43:07.859  8769  8809 E AndroidRuntime: Process: com.google.android.gms, PID: 8769
08-11 11:43:07.859  8769  8809 E AndroidRuntime: java.lang.IllegalArgumentException: Invalid column photo_uri
08-11 11:43:07.859  8769  8809 E AndroidRuntime: 	at android.database.DatabaseUtils.readExceptionFromParcel(DatabaseUtils.java:207)
08-11 11:43:07.859  8769  8809 E AndroidRuntime: 	at android.database.DatabaseUtils.readExceptionFromParcel(DatabaseUtils.java:177)
08-11 11:43:07.859  8769  8809 E AndroidRuntime: 	at android.content.ContentProviderProxy.query(ContentProviderNative.java:497)
08-11 11:43:07.859  8769  8809 E AndroidRuntime: 	at android.content.ContentProviderClient.lambda$query$1(ContentProviderClient.java:370)
08-11 11:43:07.859  8769  8809 E AndroidRuntime: 	at android.content.ContentProviderClient.$r8$lambda$XM3tFPA55ljHDptsaCJsFKE9eeU(ContentProviderClient.java:0)
08-11 11:43:07.859  8769  8809 E AndroidRuntime: 	at android.content.ContentProviderClient$$ExternalSyntheticLambda5.apply(D8$$SyntheticClass:0)
08-11 11:43:07.859  8769  8809 E AndroidRuntime: 	at android.content.ContentProviderClient.execute(ContentProviderClient.java:779)
08-11 11:43:07.859  8769  8809 E AndroidRuntime: 	at android.content.ContentProviderClient.query(ContentProviderClient.java:369)
08-11 11:43:07.859  8769  8809 E AndroidRuntime: 	at android.content.ContentProviderClient.query(ContentProviderClient.java:360)
08-11 11:43:07.859  8769  8809 E AndroidRuntime: 	at android.content.ContentProviderClient.query(ContentProviderClient.java:350)
08-11 11:43:07.859  8769  8809 E AndroidRuntime: 	at fefz.b(:com.google.android.gms@262434035@26.24.34 (260400-938041327):88)
08-11 11:43:07.859  8769  8809 E AndroidRuntime: 	at com.google.android.gms.people.sync.focus.SyncHighResPhotoIntentOperation.onHandleIntent(:com.google.android.gms@262434035@26.24.34 (260400-938041327):51)
08-11 11:43:07.859  8769  8809 E AndroidRuntime: 	at com.google.android.chimera.IntentOperation.onHandleIntent(:com.google.android.gms@262434035@26.24.34 (260400-938041327):1)
08-11 11:43:07.859  8769  8809 E AndroidRuntime: 	at bemu.onHandleIntent(:com.google.android.gms@262434035@26.24.34 (260400-938041327):88)
08-11 11:43:07.859  8769  8809 E AndroidRuntime: 	at abkp.run(:com.google.android.gms@262434035@26.24.34 (260400-938041327):58)
08-11 11:43:07.859  8769  8809 E AndroidRuntime: 	at abko.run(:com.google.android.gms@262434035@26.24.34 (260400-938041327):132)
08-11 11:43:07.859  8769  8809 E AndroidRuntime: 	at hgwo.run(:com.google.android.gms@262434035@26.24.34 (260400-938041327):23)
08-11 11:43:07.859  8769  8809 E AndroidRuntime: 	at java.util.concurrent.ThreadPoolExecutor.runWorker(ThreadPoolExecutor.java:1100)
08-11 11:43:07.859  8769  8809 E AndroidRuntime: 	at java.util.concurrent.ThreadPoolExecutor$Worker.run(ThreadPoolExecutor.java:624)
08-11 11:43:07.859  8769  8809 E AndroidRuntime: 	at java.lang.Thread.run(Thread.java:1572)
08-11 11:43:09.081  8834  8890 E AndroidRuntime: FATAL EXCEPTION: [com.google.android.gms.chimera.container.intentoperation.GmsIntentOperationChimeraService-Executor] idle
08-11 11:43:09.081  8834  8890 E AndroidRuntime: Process: com.google.android.gms, PID: 8834
08-11 11:43:09.081  8834  8890 E AndroidRuntime: java.lang.IllegalArgumentException: Invalid column photo_uri
08-11 11:43:09.081  8834  8890 E AndroidRuntime: 	at android.database.DatabaseUtils.readExceptionFromParcel(DatabaseUtils.java:207)
08-11 11:43:09.081  8834  8890 E AndroidRuntime: 	at android.database.DatabaseUtils.readExceptionFromParcel(DatabaseUtils.java:177)
08-11 11:43:09.081  8834  8890 E AndroidRuntime: 	at android.content.ContentProviderProxy.query(ContentProviderNative.java:497)
08-11 11:43:09.081  8834  8890 E AndroidRuntime: 	at android.content.ContentProviderClient.lambda$query$1(ContentProviderClient.java:370)
08-11 11:43:09.081  8834  8890 E AndroidRuntime: 	at android.content.ContentProviderClient.$r8$lambda$XM3tFPA55ljHDptsaCJsFKE9eeU(ContentProviderClient.java:0)
08-11 11:43:09.081  8834  8890 E AndroidRuntime: 	at android.content.ContentProviderClient$$ExternalSyntheticLambda5.apply(D8$$SyntheticClass:0)
08-11 11:43:09.081  8834  8890 E AndroidRuntime: 	at android.content.ContentProviderClient.execute(ContentProviderClient.java:779)
08-11 11:43:09.081  8834  8890 E AndroidRuntime: 	at android.content.ContentProviderClient.query(ContentProviderClient.java:369)
08-11 11:43:09.081  8834  8890 E AndroidRuntime: 	at android.content.ContentProviderClient.query(ContentProviderClient.java:360)
08-11 11:43:09.081  8834  8890 E AndroidRuntime: 	at android.content.ContentProviderClient.query(ContentProviderClient.java:350)
08-11 11:43:09.081  8834  8890 E AndroidRuntime: 	at fefz.b(:com.google.android.gms@262434035@26.24.34 (260400-938041327):88)
08-11 11:43:09.081  8834  8890 E AndroidRuntime: 	at com.google.android.gms.people.sync.focus.SyncHighResPhotoIntentOperation.onHandleIntent(:com.google.android.gms@262434035@26.24.34 (260400-938041327):51)
08-11 11:43:09.081  8834  8890 E AndroidRuntime: 	at com.google.android.chimera.IntentOperation.onHandleIntent(:com.google.android.gms@262434035@26.24.34 (260400-938041327):1)
08-11 11:43:09.081  8834  8890 E AndroidRuntime: 	at bemu.onHandleIntent(:com.google.android.gms@262434035@26.24.34 (260400-938041327):88)
08-11 11:43:09.081  8834  8890 E AndroidRuntime: 	at abkp.run(:com.google.android.gms@262434035@26.24.34 (260400-938041327):58)
08-11 11:43:09.081  8834  8890 E AndroidRuntime: 	at abko.run(:com.google.android.gms@262434035@26.24.34 (260400-938041327):132)
08-11 11:43:09.081  8834  8890 E AndroidRuntime: 	at hgwo.run(:com.google.android.gms@262434035@26.24.34 (260400-938041327):23)
08-11 11:43:09.081  8834  8890 E AndroidRuntime: 	at java.util.concurrent.ThreadPoolExecutor.runWorker(ThreadPoolExecutor.java:1100)
08-11 11:43:09.081  8834  8890 E AndroidRuntime: 	at java.util.concurrent.ThreadPoolExecutor$Worker.run(ThreadPoolExecutor.java:624)
08-11 11:43:09.081  8834  8890 E AndroidRuntime: 	at java.lang.Thread.run(Thread.java:1572)
08-11 11:43:18.604  8931  8982 E AndroidRuntime: FATAL EXCEPTION: [com.google.android.gms.chimera.container.intentoperation.GmsIntentOperationChimeraService-Executor] idle
08-11 11:43:18.604  8931  8982 E AndroidRuntime: Process: com.google.android.gms, PID: 8931
08-11 11:43:18.604  8931  8982 E AndroidRuntime: java.lang.IllegalArgumentException: Invalid column photo_uri
08-11 11:43:18.604  8931  8982 E AndroidRuntime: 	at android.database.DatabaseUtils.readExceptionFromParcel(DatabaseUtils.java:207)
08-11 11:43:18.604  8931  8982 E AndroidRuntime: 	at android.database.DatabaseUtils.readExceptionFromParcel(DatabaseUtils.java:177)
08-11 11:43:18.604  8931  8982 E AndroidRuntime: 	at android.content.ContentProviderProxy.query(ContentProviderNative.java:497)
08-11 11:43:18.604  8931  8982 E AndroidRuntime: 	at android.content.ContentProviderClient.lambda$query$1(ContentProviderClient.java:370)
08-11 11:43:18.604  8931  8982 E AndroidRuntime: 	at android.content.ContentProviderClient.$r8$lambda$XM3tFPA55ljHDptsaCJsFKE9eeU(ContentProviderClient.java:0)
08-11 11:43:18.604  8931  8982 E AndroidRuntime: 	at android.content.ContentProviderClient$$ExternalSyntheticLambda5.apply(D8$$SyntheticClass:0)
08-11 11:43:18.604  8931  8982 E AndroidRuntime: 	at android.content.ContentProviderClient.execute(ContentProviderClient.java:779)
08-11 11:43:18.604  8931  8982 E AndroidRuntime: 	at android.content.ContentProviderClient.query(ContentProviderClient.java:369)
08-11 11:43:18.604  8931  8982 E AndroidRuntime: 	at android.content.ContentProviderClient.query(ContentProviderClient.java:360)
08-11 11:43:18.604  8931  8982 E AndroidRuntime: 	at android.content.ContentProviderClient.query(ContentProviderClient.java:350)
08-11 11:43:18.604  8931  8982 E AndroidRuntime: 	at fefz.b(:com.google.android.gms@262434035@26.24.34 (260400-938041327):88)
08-11 11:43:18.604  8931  8982 E AndroidRuntime: 	at com.google.android.gms.people.sync.focus.SyncHighResPhotoIntentOperation.onHandleIntent(:com.google.android.gms@262434035@26.24.34 (260400-938041327):51)
08-11 11:43:18.604  8931  8982 E AndroidRuntime: 	at com.google.android.chimera.IntentOperation.onHandleIntent(:com.google.android.gms@262434035@26.24.34 (260400-938041327):1)
08-11 11:43:18.604  8931  8982 E AndroidRuntime: 	at bemu.onHandleIntent(:com.google.android.gms@262434035@26.24.34 (260400-938041327):88)
08-11 11:43:18.604  8931  8982 E AndroidRuntime: 	at abkp.run(:com.google.android.gms@262434035@26.24.34 (260400-938041327):58)
08-11 11:43:18.604  8931  8982 E AndroidRuntime: 	at abko.run(:com.google.android.gms@262434035@26.24.34 (260400-938041327):132)
08-11 11:43:18.604  8931  8982 E AndroidRuntime: 	at hgwo.run(:com.google.android.gms@262434035@26.24.34 (260400-938041327):23)
08-11 11:43:18.604  8931  8982 E AndroidRuntime: 	at java.util.concurrent.ThreadPoolExecutor.runWorker(ThreadPoolExecutor.java:1100)
08-11 11:43:18.604  8931  8982 E AndroidRuntime: 	at java.util.concurrent.ThreadPoolExecutor$Worker.run(ThreadPoolExecutor.java:624)
08-11 11:43:18.604  8931  8982 E AndroidRuntime: 	at java.lang.Thread.run(Thread.java:1572)
08-11 11:43:30.767  8984  9109 E AndroidRuntime: FATAL EXCEPTION: [com.google.android.gms.chimera.container.intentoperation.GmsIntentOperationChimeraService-Executor] idle
08-11 11:43:30.767  8984  9109 E AndroidRuntime: Process: com.google.android.gms, PID: 8984
08-11 11:43:30.767  8984  9109 E AndroidRuntime: java.lang.IllegalArgumentException: Invalid column photo_uri
08-11 11:43:30.767  8984  9109 E AndroidRuntime: 	at android.database.DatabaseUtils.readExceptionFromParcel(DatabaseUtils.java:207)
08-11 11:43:30.767  8984  9109 E AndroidRuntime: 	at android.database.DatabaseUtils.readExceptionFromParcel(DatabaseUtils.java:177)
08-11 11:43:30.767  8984  9109 E AndroidRuntime: 	at android.content.ContentProviderProxy.query(ContentProviderNative.java:497)
08-11 11:43:30.767  8984  9109 E AndroidRuntime: 	at android.content.ContentProviderClient.lambda$query$1(ContentProviderClient.java:370)
08-11 11:43:30.767  8984  9109 E AndroidRuntime: 	at android.content.ContentProviderClient.$r8$lambda$XM3tFPA55ljHDptsaCJsFKE9eeU(ContentProviderClient.java:0)
08-11 11:43:30.767  8984  9109 E AndroidRuntime: 	at android.content.ContentProviderClient$$ExternalSyntheticLambda5.apply(D8$$SyntheticClass:0)
08-11 11:43:30.767  8984  9109 E AndroidRuntime: 	at android.content.ContentProviderClient.execute(ContentProviderClient.java:779)
08-11 11:43:30.767  8984  9109 E AndroidRuntime: 	at android.content.ContentProviderClient.query(ContentProviderClient.java:369)
08-11 11:43:30.767  8984  9109 E AndroidRuntime: 	at android.content.ContentProviderClient.query(ContentProviderClient.java:360)
08-11 11:43:30.767  8984  9109 E AndroidRuntime: 	at android.content.ContentProviderClient.query(ContentProviderClient.java:350)
08-11 11:43:30.767  8984  9109 E AndroidRuntime: 	at fefz.b(:com.google.android.gms@262434035@26.24.34 (260400-938041327):88)
08-11 11:43:30.767  8984  9109 E AndroidRuntime: 	at com.google.android.gms.people.sync.focus.SyncHighResPhotoIntentOperation.onHandleIntent(:com.google.android.gms@262434035@26.24.34 (260400-938041327):51)
08-11 11:43:30.767  8984  9109 E AndroidRuntime: 	at com.google.android.chimera.IntentOperation.onHandleIntent(:com.google.android.gms@262434035@26.24.34 (260400-938041327):1)
08-11 11:43:30.767  8984  9109 E AndroidRuntime: 	at bemu.onHandleIntent(:com.google.android.gms@262434035@26.24.34 (260400-938041327):88)
08-11 11:43:30.767  8984  9109 E AndroidRuntime: 	at abkp.run(:com.google.android.gms@262434035@26.24.34 (260400-938041327):58)
08-11 11:43:30.767  8984  9109 E AndroidRuntime: 	at abko.run(:com.google.android.gms@262434035@26.24.34 (260400-938041327):132)
08-11 11:43:30.767  8984  9109 E AndroidRuntime: 	at hgwo.run(:com.google.android.gms@262434035@26.24.34 (260400-938041327):23)
08-11 11:43:30.767  8984  9109 E AndroidRuntime: 	at java.util.concurrent.ThreadPoolExecutor.runWorker(ThreadPoolExecutor.java:1100)
08-11 11:43:30.767  8984  9109 E AndroidRuntime: 	at java.util.concurrent.ThreadPoolExecutor$Worker.run(ThreadPoolExecutor.java:624)
08-11 11:43:30.767  8984  9109 E AndroidRuntime: 	at java.lang.Thread.run(Thread.java:1572)
08-11 12:08:06.350  9200 14970 E AndroidRuntime: FATAL EXCEPTION: [com.google.android.gms.chimera.container.intentoperation.GmsIntentOperationChimeraService-Executor] idle
08-11 12:08:06.350  9200 14970 E AndroidRuntime: Process: com.google.android.gms, PID: 9200
08-11 12:08:06.350  9200 14970 E AndroidRuntime: java.lang.IllegalArgumentException: Invalid column photo_uri
08-11 12:08:06.350  9200 14970 E AndroidRuntime: 	at android.database.DatabaseUtils.readExceptionFromParcel(DatabaseUtils.java:207)
08-11 12:08:06.350  9200 14970 E AndroidRuntime: 	at android.database.DatabaseUtils.readExceptionFromParcel(DatabaseUtils.java:177)
08-11 12:08:06.350  9200 14970 E AndroidRuntime: 	at android.content.ContentProviderProxy.query(ContentProviderNative.java:497)
08-11 12:08:06.350  9200 14970 E AndroidRuntime: 	at android.content.ContentProviderClient.lambda$query$1(ContentProviderClient.java:370)
08-11 12:08:06.350  9200 14970 E AndroidRuntime: 	at android.content.ContentProviderClient.$r8$lambda$XM3tFPA55ljHDptsaCJsFKE9eeU(ContentProviderClient.java:0)
08-11 12:08:06.350  9200 14970 E AndroidRuntime: 	at android.content.ContentProviderClient$$ExternalSyntheticLambda5.apply(D8$$SyntheticClass:0)
08-11 12:08:06.350  9200 14970 E AndroidRuntime: 	at android.content.ContentProviderClient.execute(ContentProviderClient.java:779)
08-11 12:08:06.350  9200 14970 E AndroidRuntime: 	at android.content.ContentProviderClient.query(ContentProviderClient.java:369)
08-11 12:08:06.350  9200 14970 E AndroidRuntime: 	at android.content.ContentProviderClient.query(ContentProviderClient.java:360)
08-11 12:08:06.350  9200 14970 E AndroidRuntime: 	at android.content.ContentProviderClient.query(ContentProviderClient.java:350)
08-11 12:08:06.350  9200 14970 E AndroidRuntime: 	at fefz.b(:com.google.android.gms@262434035@26.24.34 (260400-938041327):88)
08-11 12:08:06.350  9200 14970 E AndroidRuntime: 	at com.google.android.gms.people.sync.focus.SyncHighResPhotoIntentOperation.onHandleIntent(:com.google.android.gms@262434035@26.24.34 (260400-938041327):51)
08-11 12:08:06.350  9200 14970 E AndroidRuntime: 	at com.google.android.chimera.IntentOperation.onHandleIntent(:com.google.android.gms@262434035@26.24.34 (260400-938041327):1)
08-11 12:08:06.350  9200 14970 E AndroidRuntime: 	at bemu.onHandleIntent(:com.google.android.gms@262434035@26.24.34 (260400-938041327):88)
08-11 12:08:06.350  9200 14970 E AndroidRuntime: 	at abkp.run(:com.google.android.gms@262434035@26.24.34 (260400-938041327):58)
08-11 12:08:06.350  9200 14970 E AndroidRuntime: 	at abko.run(:com.google.android.gms@262434035@26.24.34 (260400-938041327):132)
08-11 12:08:06.350  9200 14970 E AndroidRuntime: 	at hgwo.run(:com.google.android.gms@262434035@26.24.34 (260400-938041327):23)
08-11 12:08:06.350  9200 14970 E AndroidRuntime: 	at java.util.concurrent.ThreadPoolExecutor.runWorker(ThreadPoolExecutor.java:1100)
08-11 12:08:06.350  9200 14970 E AndroidRuntime: 	at java.util.concurrent.ThreadPoolExecutor$Worker.run(ThreadPoolExecutor.java:624)
08-11 12:08:06.350  9200 14970 E AndroidRuntime: 	at java.lang.Thread.run(Thread.java:1572)
08-11 12:16:04.918 14986 15803 E AndroidRuntime: FATAL EXCEPTION: [com.google.android.gms.chimera.container.intentoperation.GmsIntentOperationChimeraService-Executor] idle
08-11 12:16:04.918 14986 15803 E AndroidRuntime: Process: com.google.android.gms, PID: 14986
08-11 12:16:04.918 14986 15803 E AndroidRuntime: java.lang.IllegalArgumentException: Invalid column photo_uri
08-11 12:16:04.918 14986 15803 E AndroidRuntime: 	at android.database.DatabaseUtils.readExceptionFromParcel(DatabaseUtils.java:207)
08-11 12:16:04.918 14986 15803 E AndroidRuntime: 	at android.database.DatabaseUtils.readExceptionFromParcel(DatabaseUtils.java:177)
08-11 12:16:04.918 14986 15803 E AndroidRuntime: 	at android.content.ContentProviderProxy.query(ContentProviderNative.java:497)
08-11 12:16:04.918 14986 15803 E AndroidRuntime: 	at android.content.ContentProviderClient.lambda$query$1(ContentProviderClient.java:370)
08-11 12:16:04.918 14986 15803 E AndroidRuntime: 	at android.content.ContentProviderClient.$r8$lambda$XM3tFPA55ljHDptsaCJsFKE9eeU(ContentProviderClient.java:0)
08-11 12:16:04.918 14986 15803 E AndroidRuntime: 	at android.content.ContentProviderClient$$ExternalSyntheticLambda5.apply(D8$$SyntheticClass:0)
08-11 12:16:04.918 14986 15803 E AndroidRuntime: 	at android.content.ContentProviderClient.execute(ContentProviderClient.java:779)
08-11 12:16:04.918 14986 15803 E AndroidRuntime: 	at android.content.ContentProviderClient.query(ContentProviderClient.java:369)
08-11 12:16:04.918 14986 15803 E AndroidRuntime: 	at android.content.ContentProviderClient.query(ContentProviderClient.java:360)
08-11 12:16:04.918 14986 15803 E AndroidRuntime: 	at android.content.ContentProviderClient.query(ContentProviderClient.java:350)
08-11 12:16:04.918 14986 15803 E AndroidRuntime: 	at fefz.b(:com.google.android.gms@262434035@26.24.34 (260400-938041327):88)
08-11 12:16:04.918 14986 15803 E AndroidRuntime: 	at com.google.android.gms.people.sync.focus.SyncHighResPhotoIntentOperation.onHandleIntent(:com.google.android.gms@262434035@26.24.34 (260400-938041327):51)
08-11 12:16:04.918 14986 15803 E AndroidRuntime: 	at com.google.android.chimera.IntentOperation.onHandleIntent(:com.google.android.gms@262434035@26.24.34 (260400-938041327):1)
08-11 12:16:04.918 14986 15803 E AndroidRuntime: 	at bemu.onHandleIntent(:com.google.android.gms@262434035@26.24.34 (260400-938041327):88)
08-11 12:16:04.918 14986 15803 E AndroidRuntime: 	at abkp.run(:com.google.android.gms@262434035@26.24.34 (260400-938041327):58)
08-11 12:16:04.918 14986 15803 E AndroidRuntime: 	at abko.run(:com.google.android.gms@262434035@26.24.34 (260400-938041327):132)
08-11 12:16:04.918 14986 15803 E AndroidRuntime: 	at hgwo.run(:com.google.android.gms@262434035@26.24.34 (260400-938041327):23)
08-11 12:16:04.918 14986 15803 E AndroidRuntime: 	at java.util.concurrent.ThreadPoolExecutor.runWorker(ThreadPoolExecutor.java:1100)
08-11 12:16:04.918 14986 15803 E AndroidRuntime: 	at java.util.concurrent.ThreadPoolExecutor$Worker.run(ThreadPoolExecutor.java:624)
08-11 12:16:04.918 14986 15803 E AndroidRuntime: 	at java.lang.Thread.run(Thread.java:1572)
08-11 12:16:11.103 15880 15917 E AndroidRuntime: FATAL EXCEPTION: [com.google.android.gms.chimera.container.intentoperation.GmsIntentOperationChimeraService-Executor] idle
08-11 12:16:11.103 15880 15917 E AndroidRuntime: Process: com.google.android.gms, PID: 15880
08-11 12:16:11.103 15880 15917 E AndroidRuntime: java.lang.IllegalArgumentException: Invalid column photo_uri
08-11 12:16:11.103 15880 15917 E AndroidRuntime: 	at android.database.DatabaseUtils.readExceptionFromParcel(DatabaseUtils.java:207)
08-11 12:16:11.103 15880 15917 E AndroidRuntime: 	at android.database.DatabaseUtils.readExceptionFromParcel(DatabaseUtils.java:177)
08-11 12:16:11.103 15880 15917 E AndroidRuntime: 	at android.content.ContentProviderProxy.query(ContentProviderNative.java:497)
08-11 12:16:11.103 15880 15917 E AndroidRuntime: 	at android.content.ContentProviderClient.lambda$query$1(ContentProviderClient.java:370)
08-11 12:16:11.103 15880 15917 E AndroidRuntime: 	at android.content.ContentProviderClient.$r8$lambda$XM3tFPA55ljHDptsaCJsFKE9eeU(ContentProviderClient.java:0)
08-11 12:16:11.103 15880 15917 E AndroidRuntime: 	at android.content.ContentProviderClient$$ExternalSyntheticLambda5.apply(D8$$SyntheticClass:0)
08-11 12:16:11.103 15880 15917 E AndroidRuntime: 	at android.content.ContentProviderClient.execute(ContentProviderClient.java:779)
08-11 12:16:11.103 15880 15917 E AndroidRuntime: 	at android.content.ContentProviderClient.query(ContentProviderClient.java:369)
08-11 12:16:11.103 15880 15917 E AndroidRuntime: 	at android.content.ContentProviderClient.query(ContentProviderClient.java:360)
08-11 12:16:11.103 15880 15917 E AndroidRuntime: 	at android.content.ContentProviderClient.query(ContentProviderClient.java:350)
08-11 12:16:11.103 15880 15917 E AndroidRuntime: 	at fefz.b(:com.google.android.gms@262434035@26.24.34 (260400-938041327):88)
08-11 12:16:11.103 15880 15917 E AndroidRuntime: 	at com.google.android.gms.people.sync.focus.SyncHighResPhotoIntentOperation.onHandleIntent(:com.google.android.gms@262434035@26.24.34 (260400-938041327):51)
08-11 12:16:11.103 15880 15917 E AndroidRuntime: 	at com.google.android.chimera.IntentOperation.onHandleIntent(:com.google.android.gms@262434035@26.24.34 (260400-938041327):1)
08-11 12:16:11.103 15880 15917 E AndroidRuntime: 	at bemu.onHandleIntent(:com.google.android.gms@262434035@26.24.34 (260400-938041327):88)
08-11 12:16:11.103 15880 15917 E AndroidRuntime: 	at abkp.run(:com.google.android.gms@262434035@26.24.34 (260400-938041327):58)
08-11 12:16:11.103 15880 15917 E AndroidRuntime: 	at abko.run(:com.google.android.gms@262434035@26.24.34 (260400-938041327):132)
08-11 12:16:11.103 15880 15917 E AndroidRuntime: 	at hgwo.run(:com.google.android.gms@262434035@26.24.34 (260400-938041327):23)
08-11 12:16:11.103 15880 15917 E AndroidRuntime: 	at java.util.concurrent.ThreadPoolExecutor.runWorker(ThreadPoolExecutor.java:1100)
08-11 12:16:11.103 15880 15917 E AndroidRuntime: 	at java.util.concurrent.ThreadPoolExecutor$Worker.run(ThreadPoolExecutor.java:624)
08-11 12:16:11.103 15880 15917 E AndroidRuntime: 	at java.lang.Thread.run(Thread.java:1572)
08-11 12:16:27.267 15939 15976 E AndroidRuntime: FATAL EXCEPTION: [com.google.android.gms.chimera.container.intentoperation.GmsIntentOperationChimeraService-Executor] idle
08-11 12:16:27.267 15939 15976 E AndroidRuntime: Process: com.google.android.gms, PID: 15939
08-11 12:16:27.267 15939 15976 E AndroidRuntime: java.lang.IllegalArgumentException: Invalid column photo_uri
08-11 12:16:27.267 15939 15976 E AndroidRuntime: 	at android.database.DatabaseUtils.readExceptionFromParcel(DatabaseUtils.java:207)
08-11 12:16:27.267 15939 15976 E AndroidRuntime: 	at android.database.DatabaseUtils.readExceptionFromParcel(DatabaseUtils.java:177)
08-11 12:16:27.267 15939 15976 E AndroidRuntime: 	at android.content.ContentProviderProxy.query(ContentProviderNative.java:497)
08-11 12:16:27.267 15939 15976 E AndroidRuntime: 	at android.content.ContentProviderClient.lambda$query$1(ContentProviderClient.java:370)
08-11 12:16:27.267 15939 15976 E AndroidRuntime: 	at android.content.ContentProviderClient.$r8$lambda$XM3tFPA55ljHDptsaCJsFKE9eeU(ContentProviderClient.java:0)
08-11 12:16:27.267 15939 15976 E AndroidRuntime: 	at android.content.ContentProviderClient$$ExternalSyntheticLambda5.apply(D8$$SyntheticClass:0)
08-11 12:16:27.267 15939 15976 E AndroidRuntime: 	at android.content.ContentProviderClient.execute(ContentProviderClient.java:779)
08-11 12:16:27.267 15939 15976 E AndroidRuntime: 	at android.content.ContentProviderClient.query(ContentProviderClient.java:369)
08-11 12:16:27.267 15939 15976 E AndroidRuntime: 	at android.content.ContentProviderClient.query(ContentProviderClient.java:360)
08-11 12:16:27.267 15939 15976 E AndroidRuntime: 	at android.content.ContentProviderClient.query(ContentProviderClient.java:350)
08-11 12:16:27.267 15939 15976 E AndroidRuntime: 	at fefz.b(:com.google.android.gms@262434035@26.24.34 (260400-938041327):88)
08-11 12:16:27.267 15939 15976 E AndroidRuntime: 	at com.google.android.gms.people.sync.focus.SyncHighResPhotoIntentOperation.onHandleIntent(:com.google.android.gms@262434035@26.24.34 (260400-938041327):51)
08-11 12:16:27.267 15939 15976 E AndroidRuntime: 	at com.google.android.chimera.IntentOperation.onHandleIntent(:com.google.android.gms@262434035@26.24.34 (260400-938041327):1)
08-11 12:16:27.267 15939 15976 E AndroidRuntime: 	at bemu.onHandleIntent(:com.google.android.gms@262434035@26.24.34 (260400-938041327):88)
08-11 12:16:27.267 15939 15976 E AndroidRuntime: 	at abkp.run(:com.google.android.gms@262434035@26.24.34 (260400-938041327):58)
08-11 12:16:27.267 15939 15976 E AndroidRuntime: 	at abko.run(:com.google.android.gms@262434035@26.24.34 (260400-938041327):132)
08-11 12:16:27.267 15939 15976 E AndroidRuntime: 	at hgwo.run(:com.google.android.gms@262434035@26.24.34 (260400-938041327):23)
08-11 12:16:27.267 15939 15976 E AndroidRuntime: 	at java.util.concurrent.ThreadPoolExecutor.runWorker(ThreadPoolExecutor.java:1100)
08-11 12:16:27.267 15939 15976 E AndroidRuntime: 	at java.util.concurrent.ThreadPoolExecutor$Worker.run(ThreadPoolExecutor.java:624)
08-11 12:16:27.267 15939 15976 E AndroidRuntime: 	at java.lang.Thread.run(Thread.java:1572)
08-11 12:16:29.113 16021 16073 E AndroidRuntime: FATAL EXCEPTION: [com.google.android.gms.chimera.container.intentoperation.GmsIntentOperationChimeraService-Executor] idle
08-11 12:16:29.113 16021 16073 E AndroidRuntime: Process: com.google.android.gms, PID: 16021
08-11 12:16:29.113 16021 16073 E AndroidRuntime: java.lang.IllegalArgumentException: Invalid column photo_uri
08-11 12:16:29.113 16021 16073 E AndroidRuntime: 	at android.database.DatabaseUtils.readExceptionFromParcel(DatabaseUtils.java:207)
08-11 12:16:29.113 16021 16073 E AndroidRuntime: 	at android.database.DatabaseUtils.readExceptionFromParcel(DatabaseUtils.java:177)
08-11 12:16:29.113 16021 16073 E AndroidRuntime: 	at android.content.ContentProviderProxy.query(ContentProviderNative.java:497)
08-11 12:16:29.113 16021 16073 E AndroidRuntime: 	at android.content.ContentProviderClient.lambda$query$1(ContentProviderClient.java:370)
08-11 12:16:29.113 16021 16073 E AndroidRuntime: 	at android.content.ContentProviderClient.$r8$lambda$XM3tFPA55ljHDptsaCJsFKE9eeU(ContentProviderClient.java:0)
08-11 12:16:29.113 16021 16073 E AndroidRuntime: 	at android.content.ContentProviderClient$$ExternalSyntheticLambda5.apply(D8$$SyntheticClass:0)
08-11 12:16:29.113 16021 16073 E AndroidRuntime: 	at android.content.ContentProviderClient.execute(ContentProviderClient.java:779)
08-11 12:16:29.113 16021 16073 E AndroidRuntime: 	at android.content.ContentProviderClient.query(ContentProviderClient.java:369)
08-11 12:16:29.113 16021 16073 E AndroidRuntime: 	at android.content.ContentProviderClient.query(ContentProviderClient.java:360)
08-11 12:16:29.113 16021 16073 E AndroidRuntime: 	at android.content.ContentProviderClient.query(ContentProviderClient.java:350)
08-11 12:16:29.113 16021 16073 E AndroidRuntime: 	at fefz.b(:com.google.android.gms@262434035@26.24.34 (260400-938041327):88)
08-11 12:16:29.113 16021 16073 E AndroidRuntime: 	at com.google.android.gms.people.sync.focus.SyncHighResPhotoIntentOperation.onHandleIntent(:com.google.android.gms@262434035@26.24.34 (260400-938041327):51)
08-11 12:16:29.113 16021 16073 E AndroidRuntime: 	at com.google.android.chimera.IntentOperation.onHandleIntent(:com.google.android.gms@262434035@26.24.34 (260400-938041327):1)
08-11 12:16:29.113 16021 16073 E AndroidRuntime: 	at bemu.onHandleIntent(:com.google.android.gms@262434035@26.24.34 (260400-938041327):88)
08-11 12:16:29.113 16021 16073 E AndroidRuntime: 	at abkp.run(:com.google.android.gms@262434035@26.24.34 (260400-938041327):58)
08-11 12:16:29.113 16021 16073 E AndroidRuntime: 	at abko.run(:com.google.android.gms@262434035@26.24.34 (260400-938041327):132)
08-11 12:16:29.113 16021 16073 E AndroidRuntime: 	at hgwo.run(:com.google.android.gms@262434035@26.24.34 (260400-938041327):23)
08-11 12:16:29.113 16021 16073 E AndroidRuntime: 	at java.util.concurrent.ThreadPoolExecutor.runWorker(ThreadPoolExecutor.java:1100)
08-11 12:16:29.113 16021 16073 E AndroidRuntime: 	at java.util.concurrent.ThreadPoolExecutor$Worker.run(ThreadPoolExecutor.java:624)
08-11 12:16:29.113 16021 16073 E AndroidRuntime: 	at java.lang.Thread.run(Thread.java:1572)
08-11 12:16:33.266 16088 16124 E AndroidRuntime: FATAL EXCEPTION: [com.google.android.gms.chimera.container.intentoperation.GmsIntentOperationChimeraService-Executor] idle
08-11 12:16:33.266 16088 16124 E AndroidRuntime: Process: com.google.android.gms, PID: 16088
08-11 12:16:33.266 16088 16124 E AndroidRuntime: java.lang.IllegalArgumentException: Invalid column photo_uri
08-11 12:16:33.266 16088 16124 E AndroidRuntime: 	at android.database.DatabaseUtils.readExceptionFromParcel(DatabaseUtils.java:207)
08-11 12:16:33.266 16088 16124 E AndroidRuntime: 	at android.database.DatabaseUtils.readExceptionFromParcel(DatabaseUtils.java:177)
08-11 12:16:33.266 16088 16124 E AndroidRuntime: 	at android.content.ContentProviderProxy.query(ContentProviderNative.java:497)
08-11 12:16:33.266 16088 16124 E AndroidRuntime: 	at android.content.ContentProviderClient.lambda$query$1(ContentProviderClient.java:370)
08-11 12:16:33.266 16088 16124 E AndroidRuntime: 	at android.content.ContentProviderClient.$r8$lambda$XM3tFPA55ljHDptsaCJsFKE9eeU(ContentProviderClient.java:0)
08-11 12:16:33.266 16088 16124 E AndroidRuntime: 	at android.content.ContentProviderClient$$ExternalSyntheticLambda5.apply(D8$$SyntheticClass:0)
08-11 12:16:33.266 16088 16124 E AndroidRuntime: 	at android.content.ContentProviderClient.execute(ContentProviderClient.java:779)
08-11 12:16:33.266 16088 16124 E AndroidRuntime: 	at android.content.ContentProviderClient.query(ContentProviderClient.java:369)
08-11 12:16:33.266 16088 16124 E AndroidRuntime: 	at android.content.ContentProviderClient.query(ContentProviderClient.java:360)
08-11 12:16:33.266 16088 16124 E AndroidRuntime: 	at android.content.ContentProviderClient.query(ContentProviderClient.java:350)
08-11 12:16:33.266 16088 16124 E AndroidRuntime: 	at fefz.b(:com.google.android.gms@262434035@26.24.34 (260400-938041327):88)
08-11 12:16:33.266 16088 16124 E AndroidRuntime: 	at com.google.android.gms.people.sync.focus.SyncHighResPhotoIntentOperation.onHandleIntent(:com.google.android.gms@262434035@26.24.34 (260400-938041327):51)
08-11 12:16:33.266 16088 16124 E AndroidRuntime: 	at com.google.android.chimera.IntentOperation.onHandleIntent(:com.google.android.gms@262434035@26.24.34 (260400-938041327):1)
08-11 12:16:33.266 16088 16124 E AndroidRuntime: 	at bemu.onHandleIntent(:com.google.android.gms@262434035@26.24.34 (260400-938041327):88)
08-11 12:16:33.266 16088 16124 E AndroidRuntime: 	at abkp.run(:com.google.android.gms@262434035@26.24.34 (260400-938041327):58)
08-11 12:16:33.266 16088 16124 E AndroidRuntime: 	at abko.run(:com.google.android.gms@262434035@26.24.34 (260400-938041327):132)
08-11 12:16:33.266 16088 16124 E AndroidRuntime: 	at hgwo.run(:com.google.android.gms@262434035@26.24.34 (260400-938041327):23)
08-11 12:16:33.266 16088 16124 E AndroidRuntime: 	at java.util.concurrent.ThreadPoolExecutor.runWorker(ThreadPoolExecutor.java:1100)
08-11 12:16:33.266 16088 16124 E AndroidRuntime: 	at java.util.concurrent.ThreadPoolExecutor$Worker.run(ThreadPoolExecutor.java:624)
08-11 12:16:33.266 16088 16124 E AndroidRuntime: 	at java.lang.Thread.run(Thread.java:1572)
08-11 12:16:35.430 16132 16168 E AndroidRuntime: FATAL EXCEPTION: [com.google.android.gms.chimera.container.intentoperation.GmsIntentOperationChimeraService-Executor] idle
08-11 12:16:35.430 16132 16168 E AndroidRuntime: Process: com.google.android.gms, PID: 16132
08-11 12:16:35.430 16132 16168 E AndroidRuntime: java.lang.IllegalArgumentException: Invalid column photo_uri
08-11 12:16:35.430 16132 16168 E AndroidRuntime: 	at android.database.DatabaseUtils.readExceptionFromParcel(DatabaseUtils.java:207)
08-11 12:16:35.430 16132 16168 E AndroidRuntime: 	at android.database.DatabaseUtils.readExceptionFromParcel(DatabaseUtils.java:177)
08-11 12:16:35.430 16132 16168 E AndroidRuntime: 	at android.content.ContentProviderProxy.query(ContentProviderNative.java:497)
08-11 12:16:35.430 16132 16168 E AndroidRuntime: 	at android.content.ContentProviderClient.lambda$query$1(ContentProviderClient.java:370)
08-11 12:16:35.430 16132 16168 E AndroidRuntime: 	at android.content.ContentProviderClient.$r8$lambda$XM3tFPA55ljHDptsaCJsFKE9eeU(ContentProviderClient.java:0)
08-11 12:16:35.430 16132 16168 E AndroidRuntime: 	at android.content.ContentProviderClient$$ExternalSyntheticLambda5.apply(D8$$SyntheticClass:0)
08-11 12:16:35.430 16132 16168 E AndroidRuntime: 	at android.content.ContentProviderClient.execute(ContentProviderClient.java:779)
08-11 12:16:35.430 16132 16168 E AndroidRuntime: 	at android.content.ContentProviderClient.query(ContentProviderClient.java:369)
08-11 12:16:35.430 16132 16168 E AndroidRuntime: 	at android.content.ContentProviderClient.query(ContentProviderClient.java:360)
08-11 12:16:35.430 16132 16168 E AndroidRuntime: 	at android.content.ContentProviderClient.query(ContentProviderClient.java:350)
08-11 12:16:35.430 16132 16168 E AndroidRuntime: 	at fefz.b(:com.google.android.gms@262434035@26.24.34 (260400-938041327):88)
08-11 12:16:35.430 16132 16168 E AndroidRuntime: 	at com.google.android.gms.people.sync.focus.SyncHighResPhotoIntentOperation.onHandleIntent(:com.google.android.gms@262434035@26.24.34 (260400-938041327):51)
08-11 12:16:35.430 16132 16168 E AndroidRuntime: 	at com.google.android.chimera.IntentOperation.onHandleIntent(:com.google.android.gms@262434035@26.24.34 (260400-938041327):1)
08-11 12:16:35.430 16132 16168 E AndroidRuntime: 	at bemu.onHandleIntent(:com.google.android.gms@262434035@26.24.34 (260400-938041327):88)
08-11 12:16:35.430 16132 16168 E AndroidRuntime: 	at abkp.run(:com.google.android.gms@262434035@26.24.34 (260400-938041327):58)
08-11 12:16:35.430 16132 16168 E AndroidRuntime: 	at abko.run(:com.google.android.gms@262434035@26.24.34 (260400-938041327):132)
08-11 12:16:35.430 16132 16168 E AndroidRuntime: 	at hgwo.run(:com.google.android.gms@262434035@26.24.34 (260400-938041327):23)
08-11 12:16:35.430 16132 16168 E AndroidRuntime: 	at java.util.concurrent.ThreadPoolExecutor.runWorker(ThreadPoolExecutor.java:1100)
08-11 12:16:35.430 16132 16168 E AndroidRuntime: 	at java.util.concurrent.ThreadPoolExecutor$Worker.run(ThreadPoolExecutor.java:624)
08-11 12:16:35.430 16132 16168 E AndroidRuntime: 	at java.lang.Thread.run(Thread.java:1572)
08-11 13:14:37.656 16176 32499 E AndroidRuntime: FATAL EXCEPTION: [com.google.android.gms.chimera.container.intentoperation.GmsIntentOperationChimeraService-Executor] idle
08-11 13:14:37.656 16176 32499 E AndroidRuntime: Process: com.google.android.gms, PID: 16176
08-11 13:14:37.656 16176 32499 E AndroidRuntime: java.lang.IllegalArgumentException: Invalid column photo_uri
08-11 13:14:37.656 16176 32499 E AndroidRuntime: 	at android.database.DatabaseUtils.readExceptionFromParcel(DatabaseUtils.java:207)
08-11 13:14:37.656 16176 32499 E AndroidRuntime: 	at android.database.DatabaseUtils.readExceptionFromParcel(DatabaseUtils.java:177)
08-11 13:14:37.656 16176 32499 E AndroidRuntime: 	at android.content.ContentProviderProxy.query(ContentProviderNative.java:497)
08-11 13:14:37.656 16176 32499 E AndroidRuntime: 	at android.content.ContentProviderClient.lambda$query$1(ContentProviderClient.java:370)
08-11 13:14:37.656 16176 32499 E AndroidRuntime: 	at android.content.ContentProviderClient.$r8$lambda$XM3tFPA55ljHDptsaCJsFKE9eeU(ContentProviderClient.java:0)
08-11 13:14:37.656 16176 32499 E AndroidRuntime: 	at android.content.ContentProviderClient$$ExternalSyntheticLambda5.apply(D8$$SyntheticClass:0)
08-11 13:14:37.656 16176 32499 E AndroidRuntime: 	at android.content.ContentProviderClient.execute(ContentProviderClient.java:779)
08-11 13:14:37.656 16176 32499 E AndroidRuntime: 	at android.content.ContentProviderClient.query(ContentProviderClient.java:369)
08-11 13:14:37.656 16176 32499 E AndroidRuntime: 	at android.content.ContentProviderClient.query(ContentProviderClient.java:360)
08-11 13:14:37.656 16176 32499 E AndroidRuntime: 	at android.content.ContentProviderClient.query(ContentProviderClient.java:350)
08-11 13:14:37.656 16176 32499 E AndroidRuntime: 	at fefz.b(:com.google.android.gms@262434035@26.24.34 (260400-938041327):88)
08-11 13:14:37.656 16176 32499 E AndroidRuntime: 	at com.google.android.gms.people.sync.focus.SyncHighResPhotoIntentOperation.onHandleIntent(:com.google.android.gms@262434035@26.24.34 (260400-938041327):51)
08-11 13:14:37.656 16176 32499 E AndroidRuntime: 	at com.google.android.chimera.IntentOperation.onHandleIntent(:com.google.android.gms@262434035@26.24.34 (260400-938041327):1)
08-11 13:14:37.656 16176 32499 E AndroidRuntime: 	at bemu.onHandleIntent(:com.google.android.gms@262434035@26.24.34 (260400-938041327):88)
08-11 13:14:37.656 16176 32499 E AndroidRuntime: 	at abkp.run(:com.google.android.gms@262434035@26.24.34 (260400-938041327):58)
08-11 13:14:37.656 16176 32499 E AndroidRuntime: 	at abko.run(:com.google.android.gms@262434035@26.24.34 (260400-938041327):132)
08-11 13:14:37.656 16176 32499 E AndroidRuntime: 	at hgwo.run(:com.google.android.gms@262434035@26.24.34 (260400-938041327):23)
08-11 13:14:37.656 16176 32499 E AndroidRuntime: 	at java.util.concurrent.ThreadPoolExecutor.runWorker(ThreadPoolExecutor.java:1100)
08-11 13:14:37.656 16176 32499 E AndroidRuntime: 	at java.util.concurrent.ThreadPoolExecutor$Worker.run(ThreadPoolExecutor.java:624)
08-11 13:14:37.656 16176 32499 E AndroidRuntime: 	at java.lang.Thread.run(Thread.java:1572)
08-11 13:14:41.222 32602 32715 E AndroidRuntime: FATAL EXCEPTION: [com.google.android.gms.chimera.container.intentoperation.GmsIntentOperationChimeraService-Executor] idle
08-11 13:14:41.222 32602 32715 E AndroidRuntime: Process: com.google.android.gms, PID: 32602
08-11 13:14:41.222 32602 32715 E AndroidRuntime: java.lang.IllegalArgumentException: Invalid column photo_uri
08-11 13:14:41.222 32602 32715 E AndroidRuntime: 	at android.database.DatabaseUtils.readExceptionFromParcel(DatabaseUtils.java:207)
08-11 13:14:41.222 32602 32715 E AndroidRuntime: 	at android.database.DatabaseUtils.readExceptionFromParcel(DatabaseUtils.java:177)
08-11 13:14:41.222 32602 32715 E AndroidRuntime: 	at android.content.ContentProviderProxy.query(ContentProviderNative.java:497)
08-11 13:14:41.222 32602 32715 E AndroidRuntime: 	at android.content.ContentProviderClient.lambda$query$1(ContentProviderClient.java:370)
08-11 13:14:41.222 32602 32715 E AndroidRuntime: 	at android.content.ContentProviderClient.$r8$lambda$XM3tFPA55ljHDptsaCJsFKE9eeU(ContentProviderClient.java:0)
08-11 13:14:41.222 32602 32715 E AndroidRuntime: 	at android.content.ContentProviderClient$$ExternalSyntheticLambda5.apply(D8$$SyntheticClass:0)
08-11 13:14:41.222 32602 32715 E AndroidRuntime: 	at android.content.ContentProviderClient.execute(ContentProviderClient.java:779)
08-11 13:14:41.222 32602 32715 E AndroidRuntime: 	at android.content.ContentProviderClient.query(ContentProviderClient.java:369)
08-11 13:14:41.222 32602 32715 E AndroidRuntime: 	at android.content.ContentProviderClient.query(ContentProviderClient.java:360)
08-11 13:14:41.222 32602 32715 E AndroidRuntime: 	at android.content.ContentProviderClient.query(ContentProviderClient.java:350)
08-11 13:14:41.222 32602 32715 E AndroidRuntime: 	at fefz.b(:com.google.android.gms@262434035@26.24.34 (260400-938041327):88)
08-11 13:14:41.222 32602 32715 E AndroidRuntime: 	at com.google.android.gms.people.sync.focus.SyncHighResPhotoIntentOperation.onHandleIntent(:com.google.android.gms@262434035@26.24.34 (260400-938041327):51)
08-11 13:14:41.222 32602 32715 E AndroidRuntime: 	at com.google.android.chimera.IntentOperation.onHandleIntent(:com.google.android.gms@262434035@26.24.34 (260400-938041327):1)
08-11 13:14:41.222 32602 32715 E AndroidRuntime: 	at bemu.onHandleIntent(:com.google.android.gms@262434035@26.24.34 (260400-938041327):88)
08-11 13:14:41.222 32602 32715 E AndroidRuntime: 	at abkp.run(:com.google.android.gms@262434035@26.24.34 (260400-938041327):58)
08-11 13:14:41.222 32602 32715 E AndroidRuntime: 	at abko.run(:com.google.android.gms@262434035@26.24.34 (260400-938041327):132)
08-11 13:14:41.222 32602 32715 E AndroidRuntime: 	at hgwo.run(:com.google.android.gms@262434035@26.24.34 (260400-938041327):23)
08-11 13:14:41.222 32602 32715 E AndroidRuntime: 	at java.util.concurrent.ThreadPoolExecutor.runWorker(ThreadPoolExecutor.java:1100)
08-11 13:14:41.222 32602 32715 E AndroidRuntime: 	at java.util.concurrent.ThreadPoolExecutor$Worker.run(ThreadPoolExecutor.java:624)
08-11 13:14:41.222 32602 32715 E AndroidRuntime: 	at java.lang.Thread.run(Thread.java:1572)
08-11 13:14:43.758 32761   354 E AndroidRuntime: FATAL EXCEPTION: [com.google.android.gms.chimera.container.intentoperation.GmsIntentOperationChimeraService-Executor] idle
08-11 13:14:43.758 32761   354 E AndroidRuntime: Process: com.google.android.gms, PID: 32761
08-11 13:14:43.758 32761   354 E AndroidRuntime: java.lang.IllegalArgumentException: Invalid column photo_uri
08-11 13:14:43.758 32761   354 E AndroidRuntime: 	at android.database.DatabaseUtils.readExceptionFromParcel(DatabaseUtils.java:207)
08-11 13:14:43.758 32761   354 E AndroidRuntime: 	at android.database.DatabaseUtils.readExceptionFromParcel(DatabaseUtils.java:177)
08-11 13:14:43.758 32761   354 E AndroidRuntime: 	at android.content.ContentProviderProxy.query(ContentProviderNative.java:497)
08-11 13:14:43.758 32761   354 E AndroidRuntime: 	at android.content.ContentProviderClient.lambda$query$1(ContentProviderClient.java:370)
08-11 13:14:43.758 32761   354 E AndroidRuntime: 	at android.content.ContentProviderClient.$r8$lambda$XM3tFPA55ljHDptsaCJsFKE9eeU(ContentProviderClient.java:0)
08-11 13:14:43.758 32761   354 E AndroidRuntime: 	at android.content.ContentProviderClient$$ExternalSyntheticLambda5.apply(D8$$SyntheticClass:0)
08-11 13:14:43.758 32761   354 E AndroidRuntime: 	at android.content.ContentProviderClient.execute(ContentProviderClient.java:779)
08-11 13:14:43.758 32761   354 E AndroidRuntime: 	at android.content.ContentProviderClient.query(ContentProviderClient.java:369)
08-11 13:14:43.758 32761   354 E AndroidRuntime: 	at android.content.ContentProviderClient.query(ContentProviderClient.java:360)
08-11 13:14:43.758 32761   354 E AndroidRuntime: 	at android.content.ContentProviderClient.query(ContentProviderClient.java:350)
08-11 13:14:43.758 32761   354 E AndroidRuntime: 	at fefz.b(:com.google.android.gms@262434035@26.24.34 (260400-938041327):88)
08-11 13:14:43.758 32761   354 E AndroidRuntime: 	at com.google.android.gms.people.sync.focus.SyncHighResPhotoIntentOperation.onHandleIntent(:com.google.android.gms@262434035@26.24.34 (260400-938041327):51)
08-11 13:14:43.758 32761   354 E AndroidRuntime: 	at com.google.android.chimera.IntentOperation.onHandleIntent(:com.google.android.gms@262434035@26.24.34 (260400-938041327):1)
08-11 13:14:43.758 32761   354 E AndroidRuntime: 	at bemu.onHandleIntent(:com.google.android.gms@262434035@26.24.34 (260400-938041327):88)
08-11 13:14:43.758 32761   354 E AndroidRuntime: 	at abkp.run(:com.google.android.gms@262434035@26.24.34 (260400-938041327):58)
08-11 13:14:43.758 32761   354 E AndroidRuntime: 	at abko.run(:com.google.android.gms@262434035@26.24.34 (260400-938041327):132)
08-11 13:14:43.758 32761   354 E AndroidRuntime: 	at hgwo.run(:com.google.android.gms@262434035@26.24.34 (260400-938041327):23)
08-11 13:14:43.758 32761   354 E AndroidRuntime: 	at java.util.concurrent.ThreadPoolExecutor.runWorker(ThreadPoolExecutor.java:1100)
08-11 13:14:43.758 32761   354 E AndroidRuntime: 	at java.util.concurrent.ThreadPoolExecutor$Worker.run(ThreadPoolExecutor.java:624)
08-11 13:14:43.758 32761   354 E AndroidRuntime: 	at java.lang.Thread.run(Thread.java:1572)
08-11 13:14:45.929   368   409 E AndroidRuntime: FATAL EXCEPTION: [com.google.android.gms.chimera.container.intentoperation.GmsIntentOperationChimeraService-Executor] idle
08-11 13:14:45.929   368   409 E AndroidRuntime: Process: com.google.android.gms, PID: 368
08-11 13:14:45.929   368   409 E AndroidRuntime: java.lang.IllegalArgumentException: Invalid column photo_uri
08-11 13:14:45.929   368   409 E AndroidRuntime: 	at android.database.DatabaseUtils.readExceptionFromParcel(DatabaseUtils.java:207)
08-11 13:14:45.929   368   409 E AndroidRuntime: 	at android.database.DatabaseUtils.readExceptionFromParcel(DatabaseUtils.java:177)
08-11 13:14:45.929   368   409 E AndroidRuntime: 	at android.content.ContentProviderProxy.query(ContentProviderNative.java:497)
08-11 13:14:45.929   368   409 E AndroidRuntime: 	at android.content.ContentProviderClient.lambda$query$1(ContentProviderClient.java:370)
08-11 13:14:45.929   368   409 E AndroidRuntime: 	at android.content.ContentProviderClient.$r8$lambda$XM3tFPA55ljHDptsaCJsFKE9eeU(ContentProviderClient.java:0)
08-11 13:14:45.929   368   409 E AndroidRuntime: 	at android.content.ContentProviderClient$$ExternalSyntheticLambda5.apply(D8$$SyntheticClass:0)
08-11 13:14:45.929   368   409 E AndroidRuntime: 	at android.content.ContentProviderClient.execute(ContentProviderClient.java:779)
08-11 13:14:45.929   368   409 E AndroidRuntime: 	at android.content.ContentProviderClient.query(ContentProviderClient.java:369)
08-11 13:14:45.929   368   409 E AndroidRuntime: 	at android.content.ContentProviderClient.query(ContentProviderClient.java:360)
08-11 13:14:45.929   368   409 E AndroidRuntime: 	at android.content.ContentProviderClient.query(ContentProviderClient.java:350)
08-11 13:14:45.929   368   409 E AndroidRuntime: 	at fefz.b(:com.google.android.gms@262434035@26.24.34 (260400-938041327):88)
08-11 13:14:45.929   368   409 E AndroidRuntime: 	at com.google.android.gms.people.sync.focus.SyncHighResPhotoIntentOperation.onHandleIntent(:com.google.android.gms@262434035@26.24.34 (260400-938041327):51)
08-11 13:14:45.929   368   409 E AndroidRuntime: 	at com.google.android.chimera.IntentOperation.onHandleIntent(:com.google.android.gms@262434035@26.24.34 (260400-938041327):1)
08-11 13:14:45.929   368   409 E AndroidRuntime: 	at bemu.onHandleIntent(:com.google.android.gms@262434035@26.24.34 (260400-938041327):88)
08-11 13:14:45.929   368   409 E AndroidRuntime: 	at abkp.run(:com.google.android.gms@262434035@26.24.34 (260400-938041327):58)
08-11 13:14:45.929   368   409 E AndroidRuntime: 	at abko.run(:com.google.android.gms@262434035@26.24.34 (260400-938041327):132)
08-11 13:14:45.929   368   409 E AndroidRuntime: 	at hgwo.run(:com.google.android.gms@262434035@26.24.34 (260400-938041327):23)
08-11 13:14:45.929   368   409 E AndroidRuntime: 	at java.util.concurrent.ThreadPoolExecutor.runWorker(ThreadPoolExecutor.java:1100)
08-11 13:14:45.929   368   409 E AndroidRuntime: 	at java.util.concurrent.ThreadPoolExecutor$Worker.run(ThreadPoolExecutor.java:624)
08-11 13:14:45.929   368   409 E AndroidRuntime: 	at java.lang.Thread.run(Thread.java:1572)
08-11 13:29:26.572  1178  5113 E AndroidRuntime: FATAL EXCEPTION: [com.google.android.gms.chimera.container.intentoperation.GmsIntentOperationChimeraService-Executor] idle
08-11 13:29:26.572  1178  5113 E AndroidRuntime: Process: com.google.android.gms, PID: 1178
08-11 13:29:26.572  1178  5113 E AndroidRuntime: java.lang.IllegalArgumentException: Invalid column photo_uri
08-11 13:29:26.572  1178  5113 E AndroidRuntime: 	at android.database.DatabaseUtils.readExceptionFromParcel(DatabaseUtils.java:207)
08-11 13:29:26.572  1178  5113 E AndroidRuntime: 	at android.database.DatabaseUtils.readExceptionFromParcel(DatabaseUtils.java:177)
08-11 13:29:26.572  1178  5113 E AndroidRuntime: 	at android.content.ContentProviderProxy.query(ContentProviderNative.java:497)
08-11 13:29:26.572  1178  5113 E AndroidRuntime: 	at android.content.ContentProviderClient.lambda$query$1(ContentProviderClient.java:370)
08-11 13:29:26.572  1178  5113 E AndroidRuntime: 	at android.content.ContentProviderClient.$r8$lambda$XM3tFPA55ljHDptsaCJsFKE9eeU(ContentProviderClient.java:0)
08-11 13:29:26.572  1178  5113 E AndroidRuntime: 	at android.content.ContentProviderClient$$ExternalSyntheticLambda5.apply(D8$$SyntheticClass:0)
08-11 13:29:26.572  1178  5113 E AndroidRuntime: 	at android.content.ContentProviderClient.execute(ContentProviderClient.java:779)
08-11 13:29:26.572  1178  5113 E AndroidRuntime: 	at android.content.ContentProviderClient.query(ContentProviderClient.java:369)
08-11 13:29:26.572  1178  5113 E AndroidRuntime: 	at android.content.ContentProviderClient.query(ContentProviderClient.java:360)
08-11 13:29:26.572  1178  5113 E AndroidRuntime: 	at android.content.ContentProviderClient.query(ContentProviderClient.java:350)
08-11 13:29:26.572  1178  5113 E AndroidRuntime: 	at fefz.b(:com.google.android.gms@262434035@26.24.34 (260400-938041327):88)
08-11 13:29:26.572  1178  5113 E AndroidRuntime: 	at com.google.android.gms.people.sync.focus.SyncHighResPhotoIntentOperation.onHandleIntent(:com.google.android.gms@262434035@26.24.34 (260400-938041327):51)
08-11 13:29:26.572  1178  5113 E AndroidRuntime: 	at com.google.android.chimera.IntentOperation.onHandleIntent(:com.google.android.gms@262434035@26.24.34 (260400-938041327):1)
08-11 13:29:26.572  1178  5113 E AndroidRuntime: 	at bemu.onHandleIntent(:com.google.android.gms@262434035@26.24.34 (260400-938041327):88)
08-11 13:29:26.572  1178  5113 E AndroidRuntime: 	at abkp.run(:com.google.android.gms@262434035@26.24.34 (260400-938041327):58)
08-11 13:29:26.572  1178  5113 E AndroidRuntime: 	at abko.run(:com.google.android.gms@262434035@26.24.34 (260400-938041327):132)
08-11 13:29:26.572  1178  5113 E AndroidRuntime: 	at hgwo.run(:com.google.android.gms@262434035@26.24.34 (260400-938041327):23)
08-11 13:29:26.572  1178  5113 E AndroidRuntime: 	at java.util.concurrent.ThreadPoolExecutor.runWorker(ThreadPoolExecutor.java:1100)
08-11 13:29:26.572  1178  5113 E AndroidRuntime: 	at java.util.concurrent.ThreadPoolExecutor$Worker.run(ThreadPoolExecutor.java:624)
08-11 13:29:26.572  1178  5113 E AndroidRuntime: 	at java.lang.Thread.run(Thread.java:1572)
08-11 13:29:27.656  5141  5188 E AndroidRuntime: FATAL EXCEPTION: [com.google.android.gms.chimera.container.intentoperation.GmsIntentOperationChimeraService-Executor] idle
08-11 13:29:27.656  5141  5188 E AndroidRuntime: Process: com.google.android.gms, PID: 5141
08-11 13:29:27.656  5141  5188 E AndroidRuntime: java.lang.IllegalArgumentException: Invalid column photo_uri
08-11 13:29:27.656  5141  5188 E AndroidRuntime: 	at android.database.DatabaseUtils.readExceptionFromParcel(DatabaseUtils.java:207)
08-11 13:29:27.656  5141  5188 E AndroidRuntime: 	at android.database.DatabaseUtils.readExceptionFromParcel(DatabaseUtils.java:177)
08-11 13:29:27.656  5141  5188 E AndroidRuntime: 	at android.content.ContentProviderProxy.query(ContentProviderNative.java:497)
08-11 13:29:27.656  5141  5188 E AndroidRuntime: 	at android.content.ContentProviderClient.lambda$query$1(ContentProviderClient.java:370)
08-11 13:29:27.656  5141  5188 E AndroidRuntime: 	at android.content.ContentProviderClient.$r8$lambda$XM3tFPA55ljHDptsaCJsFKE9eeU(ContentProviderClient.java:0)
08-11 13:29:27.656  5141  5188 E AndroidRuntime: 	at android.content.ContentProviderClient$$ExternalSyntheticLambda5.apply(D8$$SyntheticClass:0)
08-11 13:29:27.656  5141  5188 E AndroidRuntime: 	at android.content.ContentProviderClient.execute(ContentProviderClient.java:779)
08-11 13:29:27.656  5141  5188 E AndroidRuntime: 	at android.content.ContentProviderClient.query(ContentProviderClient.java:369)
08-11 13:29:27.656  5141  5188 E AndroidRuntime: 	at android.content.ContentProviderClient.query(ContentProviderClient.java:360)
08-11 13:29:27.656  5141  5188 E AndroidRuntime: 	at android.content.ContentProviderClient.query(ContentProviderClient.java:350)
08-11 13:29:27.656  5141  5188 E AndroidRuntime: 	at fefz.b(:com.google.android.gms@262434035@26.24.34 (260400-938041327):88)
08-11 13:29:27.656  5141  5188 E AndroidRuntime: 	at com.google.android.gms.people.sync.focus.SyncHighResPhotoIntentOperation.onHandleIntent(:com.google.android.gms@262434035@26.24.34 (260400-938041327):51)
08-11 13:29:27.656  5141  5188 E AndroidRuntime: 	at com.google.android.chimera.IntentOperation.onHandleIntent(:com.google.android.gms@262434035@26.24.34 (260400-938041327):1)
08-11 13:29:27.656  5141  5188 E AndroidRuntime: 	at bemu.onHandleIntent(:com.google.android.gms@262434035@26.24.34 (260400-938041327):88)
08-11 13:29:27.656  5141  5188 E AndroidRuntime: 	at abkp.run(:com.google.android.gms@262434035@26.24.34 (260400-938041327):58)
08-11 13:29:27.656  5141  5188 E AndroidRuntime: 	at abko.run(:com.google.android.gms@262434035@26.24.34 (260400-938041327):132)
08-11 13:29:27.656  5141  5188 E AndroidRuntime: 	at hgwo.run(:com.google.android.gms@262434035@26.24.34 (260400-938041327):23)
08-11 13:29:27.656  5141  5188 E AndroidRuntime: 	at java.util.concurrent.ThreadPoolExecutor.runWorker(ThreadPoolExecutor.java:1100)
08-11 13:29:27.656  5141  5188 E AndroidRuntime: 	at java.util.concurrent.ThreadPoolExecutor$Worker.run(ThreadPoolExecutor.java:624)
08-11 13:29:27.656  5141  5188 E AndroidRuntime: 	at java.lang.Thread.run(Thread.java:1572)
08-11 13:54:09.510  5458  9626 E AndroidRuntime: FATAL EXCEPTION: [com.google.android.gms.chimera.container.intentoperation.GmsIntentOperationChimeraService-Executor] idle
08-11 13:54:09.510  5458  9626 E AndroidRuntime: Process: com.google.android.gms, PID: 5458
08-11 13:54:09.510  5458  9626 E AndroidRuntime: java.lang.IllegalArgumentException: Invalid column photo_uri
08-11 13:54:09.510  5458  9626 E AndroidRuntime: 	at android.database.DatabaseUtils.readExceptionFromParcel(DatabaseUtils.java:207)
08-11 13:54:09.510  5458  9626 E AndroidRuntime: 	at android.database.DatabaseUtils.readExceptionFromParcel(DatabaseUtils.java:177)
08-11 13:54:09.510  5458  9626 E AndroidRuntime: 	at android.content.ContentProviderProxy.query(ContentProviderNative.java:497)
08-11 13:54:09.510  5458  9626 E AndroidRuntime: 	at android.content.ContentProviderClient.lambda$query$1(ContentProviderClient.java:370)
08-11 13:54:09.510  5458  9626 E AndroidRuntime: 	at android.content.ContentProviderClient.$r8$lambda$XM3tFPA55ljHDptsaCJsFKE9eeU(ContentProviderClient.java:0)
08-11 13:54:09.510  5458  9626 E AndroidRuntime: 	at android.content.ContentProviderClient$$ExternalSyntheticLambda5.apply(D8$$SyntheticClass:0)
08-11 13:54:09.510  5458  9626 E AndroidRuntime: 	at android.content.ContentProviderClient.execute(ContentProviderClient.java:779)
08-11 13:54:09.510  5458  9626 E AndroidRuntime: 	at android.content.ContentProviderClient.query(ContentProviderClient.java:369)
08-11 13:54:09.510  5458  9626 E AndroidRuntime: 	at android.content.ContentProviderClient.query(ContentProviderClient.java:360)
08-11 13:54:09.510  5458  9626 E AndroidRuntime: 	at android.content.ContentProviderClient.query(ContentProviderClient.java:350)
08-11 13:54:09.510  5458  9626 E AndroidRuntime: 	at fefz.b(:com.google.android.gms@262434035@26.24.34 (260400-938041327):88)
08-11 13:54:09.510  5458  9626 E AndroidRuntime: 	at com.google.android.gms.people.sync.focus.SyncHighResPhotoIntentOperation.onHandleIntent(:com.google.android.gms@262434035@26.24.34 (260400-938041327):51)
08-11 13:54:09.510  5458  9626 E AndroidRuntime: 	at com.google.android.chimera.IntentOperation.onHandleIntent(:com.google.android.gms@262434035@26.24.34 (260400-938041327):1)
08-11 13:54:09.510  5458  9626 E AndroidRuntime: 	at bemu.onHandleIntent(:com.google.android.gms@262434035@26.24.34 (260400-938041327):88)
08-11 13:54:09.510  5458  9626 E AndroidRuntime: 	at abkp.run(:com.google.android.gms@262434035@26.24.34 (260400-938041327):58)
08-11 13:54:09.510  5458  9626 E AndroidRuntime: 	at abko.run(:com.google.android.gms@262434035@26.24.34 (260400-938041327):132)
08-11 13:54:09.510  5458  9626 E AndroidRuntime: 	at hgwo.run(:com.google.android.gms@262434035@26.24.34 (260400-938041327):23)
08-11 13:54:09.510  5458  9626 E AndroidRuntime: 	at java.util.concurrent.ThreadPoolExecutor.runWorker(ThreadPoolExecutor.java:1100)
08-11 13:54:09.510  5458  9626 E AndroidRuntime: 	at java.util.concurrent.ThreadPoolExecutor$Worker.run(ThreadPoolExecutor.java:624)
08-11 13:54:09.510  5458  9626 E AndroidRuntime: 	at java.lang.Thread.run(Thread.java:1572)
08-11 13:54:11.154  9655  9708 E AndroidRuntime: FATAL EXCEPTION: [com.google.android.gms.chimera.container.intentoperation.GmsIntentOperationChimeraService-Executor] idle
08-11 13:54:11.154  9655  9708 E AndroidRuntime: Process: com.google.android.gms, PID: 9655
08-11 13:54:11.154  9655  9708 E AndroidRuntime: java.lang.IllegalArgumentException: Invalid column photo_uri
08-11 13:54:11.154  9655  9708 E AndroidRuntime: 	at android.database.DatabaseUtils.readExceptionFromParcel(DatabaseUtils.java:207)
08-11 13:54:11.154  9655  9708 E AndroidRuntime: 	at android.database.DatabaseUtils.readExceptionFromParcel(DatabaseUtils.java:177)
08-11 13:54:11.154  9655  9708 E AndroidRuntime: 	at android.content.ContentProviderProxy.query(ContentProviderNative.java:497)
08-11 13:54:11.154  9655  9708 E AndroidRuntime: 	at android.content.ContentProviderClient.lambda$query$1(ContentProviderClient.java:370)
08-11 13:54:11.154  9655  9708 E AndroidRuntime: 	at android.content.ContentProviderClient.$r8$lambda$XM3tFPA55ljHDptsaCJsFKE9eeU(ContentProviderClient.java:0)
08-11 13:54:11.154  9655  9708 E AndroidRuntime: 	at android.content.ContentProviderClient$$ExternalSyntheticLambda5.apply(D8$$SyntheticClass:0)
08-11 13:54:11.154  9655  9708 E AndroidRuntime: 	at android.content.ContentProviderClient.execute(ContentProviderClient.java:779)
08-11 13:54:11.154  9655  9708 E AndroidRuntime: 	at android.content.ContentProviderClient.query(ContentProviderClient.java:369)
08-11 13:54:11.154  9655  9708 E AndroidRuntime: 	at android.content.ContentProviderClient.query(ContentProviderClient.java:360)
08-11 13:54:11.154  9655  9708 E AndroidRuntime: 	at android.content.ContentProviderClient.query(ContentProviderClient.java:350)
08-11 13:54:11.154  9655  9708 E AndroidRuntime: 	at fefz.b(:com.google.android.gms@262434035@26.24.34 (260400-938041327):88)
08-11 13:54:11.154  9655  9708 E AndroidRuntime: 	at com.google.android.gms.people.sync.focus.SyncHighResPhotoIntentOperation.onHandleIntent(:com.google.android.gms@262434035@26.24.34 (260400-938041327):51)
08-11 13:54:11.154  9655  9708 E AndroidRuntime: 	at com.google.android.chimera.IntentOperation.onHandleIntent(:com.google.android.gms@262434035@26.24.34 (260400-938041327):1)
08-11 13:54:11.154  9655  9708 E AndroidRuntime: 	at bemu.onHandleIntent(:com.google.android.gms@262434035@26.24.34 (260400-938041327):88)
08-11 13:54:11.154  9655  9708 E AndroidRuntime: 	at abkp.run(:com.google.android.gms@262434035@26.24.34 (260400-938041327):58)
08-11 13:54:11.154  9655  9708 E AndroidRuntime: 	at abko.run(:com.google.android.gms@262434035@26.24.34 (260400-938041327):132)
08-11 13:54:11.154  9655  9708 E AndroidRuntime: 	at hgwo.run(:com.google.android.gms@262434035@26.24.34 (260400-938041327):23)
08-11 13:54:11.154  9655  9708 E AndroidRuntime: 	at java.util.concurrent.ThreadPoolExecutor.runWorker(ThreadPoolExecutor.java:1100)
08-11 13:54:11.154  9655  9708 E AndroidRuntime: 	at java.util.concurrent.ThreadPoolExecutor$Worker.run(ThreadPoolExecutor.java:624)
08-11 13:54:11.154  9655  9708 E AndroidRuntime: 	at java.lang.Thread.run(Thread.java:1572)
08-11 13:54:30.431  9742  9786 E AndroidRuntime: FATAL EXCEPTION: [com.google.android.gms.chimera.container.intentoperation.GmsIntentOperationChimeraService-Executor] idle
08-11 13:54:30.431  9742  9786 E AndroidRuntime: Process: com.google.android.gms, PID: 9742
08-11 13:54:30.431  9742  9786 E AndroidRuntime: java.lang.IllegalArgumentException: Invalid column photo_uri
08-11 13:54:30.431  9742  9786 E AndroidRuntime: 	at android.database.DatabaseUtils.readExceptionFromParcel(DatabaseUtils.java:207)
08-11 13:54:30.431  9742  9786 E AndroidRuntime: 	at android.database.DatabaseUtils.readExceptionFromParcel(DatabaseUtils.java:177)
08-11 13:54:30.431  9742  9786 E AndroidRuntime: 	at android.content.ContentProviderProxy.query(ContentProviderNative.java:497)
08-11 13:54:30.431  9742  9786 E AndroidRuntime: 	at android.content.ContentProviderClient.lambda$query$1(ContentProviderClient.java:370)
08-11 13:54:30.431  9742  9786 E AndroidRuntime: 	at android.content.ContentProviderClient.$r8$lambda$XM3tFPA55ljHDptsaCJsFKE9eeU(ContentProviderClient.java:0)
08-11 13:54:30.431  9742  9786 E AndroidRuntime: 	at android.content.ContentProviderClient$$ExternalSyntheticLambda5.apply(D8$$SyntheticClass:0)
08-11 13:54:30.431  9742  9786 E AndroidRuntime: 	at android.content.ContentProviderClient.execute(ContentProviderClient.java:779)
08-11 13:54:30.431  9742  9786 E AndroidRuntime: 	at android.content.ContentProviderClient.query(ContentProviderClient.java:369)
08-11 13:54:30.431  9742  9786 E AndroidRuntime: 	at android.content.ContentProviderClient.query(ContentProviderClient.java:360)
08-11 13:54:30.431  9742  9786 E AndroidRuntime: 	at android.content.ContentProviderClient.query(ContentProviderClient.java:350)
08-11 13:54:30.431  9742  9786 E AndroidRuntime: 	at fefz.b(:com.google.android.gms@262434035@26.24.34 (260400-938041327):88)
08-11 13:54:30.431  9742  9786 E AndroidRuntime: 	at com.google.android.gms.people.sync.focus.SyncHighResPhotoIntentOperation.onHandleIntent(:com.google.android.gms@262434035@26.24.34 (260400-938041327):51)
08-11 13:54:30.431  9742  9786 E AndroidRuntime: 	at com.google.android.chimera.IntentOperation.onHandleIntent(:com.google.android.gms@262434035@26.24.34 (260400-938041327):1)
08-11 13:54:30.431  9742  9786 E AndroidRuntime: 	at bemu.onHandleIntent(:com.google.android.gms@262434035@26.24.34 (260400-938041327):88)
08-11 13:54:30.431  9742  9786 E AndroidRuntime: 	at abkp.run(:com.google.android.gms@262434035@26.24.34 (260400-938041327):58)
08-11 13:54:30.431  9742  9786 E AndroidRuntime: 	at abko.run(:com.google.android.gms@262434035@26.24.34 (260400-938041327):132)
08-11 13:54:30.431  9742  9786 E AndroidRuntime: 	at hgwo.run(:com.google.android.gms@262434035@26.24.34 (260400-938041327):23)
08-11 13:54:30.431  9742  9786 E AndroidRuntime: 	at java.util.concurrent.ThreadPoolExecutor.runWorker(ThreadPoolExecutor.java:1100)
08-11 13:54:30.431  9742  9786 E AndroidRuntime: 	at java.util.concurrent.ThreadPoolExecutor$Worker.run(ThreadPoolExecutor.java:624)
08-11 13:54:30.431  9742  9786 E AndroidRuntime: 	at java.lang.Thread.run(Thread.java:1572)
08-11 13:54:37.820  9908  9941 E AndroidRuntime: FATAL EXCEPTION: [com.google.android.gms.chimera.container.intentoperation.GmsIntentOperationChimeraService-Executor] idle
08-11 13:54:37.820  9908  9941 E AndroidRuntime: Process: com.google.android.gms, PID: 9908
08-11 13:54:37.820  9908  9941 E AndroidRuntime: java.lang.IllegalArgumentException: Invalid column photo_uri
08-11 13:54:37.820  9908  9941 E AndroidRuntime: 	at android.database.DatabaseUtils.readExceptionFromParcel(DatabaseUtils.java:207)
08-11 13:54:37.820  9908  9941 E AndroidRuntime: 	at android.database.DatabaseUtils.readExceptionFromParcel(DatabaseUtils.java:177)
08-11 13:54:37.820  9908  9941 E AndroidRuntime: 	at android.content.ContentProviderProxy.query(ContentProviderNative.java:497)
08-11 13:54:37.820  9908  9941 E AndroidRuntime: 	at android.content.ContentProviderClient.lambda$query$1(ContentProviderClient.java:370)
08-11 13:54:37.820  9908  9941 E AndroidRuntime: 	at android.content.ContentProviderClient.$r8$lambda$XM3tFPA55ljHDptsaCJsFKE9eeU(ContentProviderClient.java:0)
08-11 13:54:37.820  9908  9941 E AndroidRuntime: 	at android.content.ContentProviderClient$$ExternalSyntheticLambda5.apply(D8$$SyntheticClass:0)
08-11 13:54:37.820  9908  9941 E AndroidRuntime: 	at android.content.ContentProviderClient.execute(ContentProviderClient.java:779)
08-11 13:54:37.820  9908  9941 E AndroidRuntime: 	at android.content.ContentProviderClient.query(ContentProviderClient.java:369)
08-11 13:54:37.820  9908  9941 E AndroidRuntime: 	at android.content.ContentProviderClient.query(ContentProviderClient.java:360)
08-11 13:54:37.820  9908  9941 E AndroidRuntime: 	at android.content.ContentProviderClient.query(ContentProviderClient.java:350)
08-11 13:54:37.820  9908  9941 E AndroidRuntime: 	at fefz.b(:com.google.android.gms@262434035@26.24.34 (260400-938041327):88)
08-11 13:54:37.820  9908  9941 E AndroidRuntime: 	at com.google.android.gms.people.sync.focus.SyncHighResPhotoIntentOperation.onHandleIntent(:com.google.android.gms@262434035@26.24.34 (260400-938041327):51)
08-11 13:54:37.820  9908  9941 E AndroidRuntime: 	at com.google.android.chimera.IntentOperation.onHandleIntent(:com.google.android.gms@262434035@26.24.34 (260400-938041327):1)
08-11 13:54:37.820  9908  9941 E AndroidRuntime: 	at bemu.onHandleIntent(:com.google.android.gms@262434035@26.24.34 (260400-938041327):88)
08-11 13:54:37.820  9908  9941 E AndroidRuntime: 	at abkp.run(:com.google.android.gms@262434035@26.24.34 (260400-938041327):58)
08-11 13:54:37.820  9908  9941 E AndroidRuntime: 	at abko.run(:com.google.android.gms@262434035@26.24.34 (260400-938041327):132)
08-11 13:54:37.820  9908  9941 E AndroidRuntime: 	at hgwo.run(:com.google.android.gms@262434035@26.24.34 (260400-938041327):23)
08-11 13:54:37.820  9908  9941 E AndroidRuntime: 	at java.util.concurrent.ThreadPoolExecutor.runWorker(ThreadPoolExecutor.java:1100)
08-11 13:54:37.820  9908  9941 E AndroidRuntime: 	at java.util.concurrent.ThreadPoolExecutor$Worker.run(ThreadPoolExecutor.java:624)
08-11 13:54:37.820  9908  9941 E AndroidRuntime: 	at java.lang.Thread.run(Thread.java:1572)
08-11 14:18:56.978 10498 12751 E AndroidRuntime: FATAL EXCEPTION: [com.google.android.gms.chimera.container.intentoperation.GmsIntentOperationChimeraService-Executor] idle
08-11 14:18:56.978 10498 12751 E AndroidRuntime: Process: com.google.android.gms, PID: 10498
08-11 14:18:56.978 10498 12751 E AndroidRuntime: java.lang.IllegalArgumentException: Invalid column photo_uri
08-11 14:18:56.978 10498 12751 E AndroidRuntime: 	at android.database.DatabaseUtils.readExceptionFromParcel(DatabaseUtils.java:207)
08-11 14:18:56.978 10498 12751 E AndroidRuntime: 	at android.database.DatabaseUtils.readExceptionFromParcel(DatabaseUtils.java:177)
08-11 14:18:56.978 10498 12751 E AndroidRuntime: 	at android.content.ContentProviderProxy.query(ContentProviderNative.java:497)
08-11 14:18:56.978 10498 12751 E AndroidRuntime: 	at android.content.ContentProviderClient.lambda$query$1(ContentProviderClient.java:370)
08-11 14:18:56.978 10498 12751 E AndroidRuntime: 	at android.content.ContentProviderClient.$r8$lambda$XM3tFPA55ljHDptsaCJsFKE9eeU(ContentProviderClient.java:0)
08-11 14:18:56.978 10498 12751 E AndroidRuntime: 	at android.content.ContentProviderClient$$ExternalSyntheticLambda5.apply(D8$$SyntheticClass:0)
08-11 14:18:56.978 10498 12751 E AndroidRuntime: 	at android.content.ContentProviderClient.execute(ContentProviderClient.java:779)
08-11 14:18:56.978 10498 12751 E AndroidRuntime: 	at android.content.ContentProviderClient.query(ContentProviderClient.java:369)
08-11 14:18:56.978 10498 12751 E AndroidRuntime: 	at android.content.ContentProviderClient.query(ContentProviderClient.java:360)
08-11 14:18:56.978 10498 12751 E AndroidRuntime: 	at android.content.ContentProviderClient.query(ContentProviderClient.java:350)
08-11 14:18:56.978 10498 12751 E AndroidRuntime: 	at fefz.b(:com.google.android.gms@262434035@26.24.34 (260400-938041327):88)
08-11 14:18:56.978 10498 12751 E AndroidRuntime: 	at com.google.android.gms.people.sync.focus.SyncHighResPhotoIntentOperation.onHandleIntent(:com.google.android.gms@262434035@26.24.34 (260400-938041327):51)
08-11 14:18:56.978 10498 12751 E AndroidRuntime: 	at com.google.android.chimera.IntentOperation.onHandleIntent(:com.google.android.gms@262434035@26.24.34 (260400-938041327):1)
08-11 14:18:56.978 10498 12751 E AndroidRuntime: 	at bemu.onHandleIntent(:com.google.android.gms@262434035@26.24.34 (260400-938041327):88)
08-11 14:18:56.978 10498 12751 E AndroidRuntime: 	at abkp.run(:com.google.android.gms@262434035@26.24.34 (260400-938041327):58)
08-11 14:18:56.978 10498 12751 E AndroidRuntime: 	at abko.run(:com.google.android.gms@262434035@26.24.34 (260400-938041327):132)
08-11 14:18:56.978 10498 12751 E AndroidRuntime: 	at hgwo.run(:com.google.android.gms@262434035@26.24.34 (260400-938041327):23)
08-11 14:18:56.978 10498 12751 E AndroidRuntime: 	at java.util.concurrent.ThreadPoolExecutor.runWorker(ThreadPoolExecutor.java:1100)
08-11 14:18:56.978 10498 12751 E AndroidRuntime: 	at java.util.concurrent.ThreadPoolExecutor$Worker.run(ThreadPoolExecutor.java:624)
08-11 14:18:56.978 10498 12751 E AndroidRuntime: 	at java.lang.Thread.run(Thread.java:1572)
08-11 16:09:07.107 16759 30308 E AndroidRuntime: FATAL EXCEPTION: [com.google.android.gms.chimera.container.intentoperation.GmsIntentOperationChimeraService-Executor] idle
08-11 16:09:07.107 16759 30308 E AndroidRuntime: Process: com.google.android.gms, PID: 16759
08-11 16:09:07.107 16759 30308 E AndroidRuntime: java.lang.IllegalArgumentException: Invalid column photo_uri
08-11 16:09:07.107 16759 30308 E AndroidRuntime: 	at android.database.DatabaseUtils.readExceptionFromParcel(DatabaseUtils.java:207)
08-11 16:09:07.107 16759 30308 E AndroidRuntime: 	at android.database.DatabaseUtils.readExceptionFromParcel(DatabaseUtils.java:177)
08-11 16:09:07.107 16759 30308 E AndroidRuntime: 	at android.content.ContentProviderProxy.query(ContentProviderNative.java:497)
08-11 16:09:07.107 16759 30308 E AndroidRuntime: 	at android.content.ContentProviderClient.lambda$query$1(ContentProviderClient.java:370)
08-11 16:09:07.107 16759 30308 E AndroidRuntime: 	at android.content.ContentProviderClient.$r8$lambda$XM3tFPA55ljHDptsaCJsFKE9eeU(ContentProviderClient.java:0)
08-11 16:09:07.107 16759 30308 E AndroidRuntime: 	at android.content.ContentProviderClient$$ExternalSyntheticLambda5.apply(D8$$SyntheticClass:0)
08-11 16:09:07.107 16759 30308 E AndroidRuntime: 	at android.content.ContentProviderClient.execute(ContentProviderClient.java:779)
08-11 16:09:07.107 16759 30308 E AndroidRuntime: 	at android.content.ContentProviderClient.query(ContentProviderClient.java:369)
08-11 16:09:07.107 16759 30308 E AndroidRuntime: 	at android.content.ContentProviderClient.query(ContentProviderClient.java:360)
08-11 16:09:07.107 16759 30308 E AndroidRuntime: 	at android.content.ContentProviderClient.query(ContentProviderClient.java:350)
08-11 16:09:07.107 16759 30308 E AndroidRuntime: 	at fefz.b(:com.google.android.gms@262434035@26.24.34 (260400-938041327):88)
08-11 16:09:07.107 16759 30308 E AndroidRuntime: 	at com.google.android.gms.people.sync.focus.SyncHighResPhotoIntentOperation.onHandleIntent(:com.google.android.gms@262434035@26.24.34 (260400-938041327):51)
08-11 16:09:07.107 16759 30308 E AndroidRuntime: 	at com.google.android.chimera.IntentOperation.onHandleIntent(:com.google.android.gms@262434035@26.24.34 (260400-938041327):1)
08-11 16:09:07.107 16759 30308 E AndroidRuntime: 	at bemu.onHandleIntent(:com.google.android.gms@262434035@26.24.34 (260400-938041327):88)
08-11 16:09:07.107 16759 30308 E AndroidRuntime: 	at abkp.run(:com.google.android.gms@262434035@26.24.34 (260400-938041327):58)
08-11 16:09:07.107 16759 30308 E AndroidRuntime: 	at abko.run(:com.google.android.gms@262434035@26.24.34 (260400-938041327):132)
08-11 16:09:07.107 16759 30308 E AndroidRuntime: 	at hgwo.run(:com.google.android.gms@262434035@26.24.34 (260400-938041327):23)
08-11 16:09:07.107 16759 30308 E AndroidRuntime: 	at java.util.concurrent.ThreadPoolExecutor.runWorker(ThreadPoolExecutor.java:1100)
08-11 16:09:07.107 16759 30308 E AndroidRuntime: 	at java.util.concurrent.ThreadPoolExecutor$Worker.run(ThreadPoolExecutor.java:624)
08-11 16:09:07.107 16759 30308 E AndroidRuntime: 	at java.lang.Thread.run(Thread.java:1572)
